61716440000000.0.jpeg,,
pathr61387170000000.1.jpeg,0.02,0
pathr44410230000000.0.jpeg,0.02,0
pathr44415940000000.0.jpeg,0.02,0
pathr44421130000000.0.jpeg,0.02,0
pathr44427710000000.0.jpeg,0.02,0
pathr44433690000000.0.jpeg,0.02,0
pathr44439290000000.0.jpeg,0.02,0
pathr44445400000000.0.jpeg,0.02,0
pathr44450660000000.0.jpeg,0.02,0
pathr44456920000000.0.jpeg,0.03,0
pathr44463710000000.0.jpeg,0.03,0
pathr44468960000000.0.jpeg,0.04,0
pathr44474030000000.0.jpeg,0.04,0
pathr44480380000000.0.jpeg,0.04,0
pathr44486160000000.0.jpeg,0.04,0
pathr44491320000000.0.jpeg,0.04,0
pathr44496750000000.0.jpeg,0.04,0
pathr44502780000000.0.jpeg,0.04,0
pathr44508320000000.0.jpeg,0.04,0
pathr44514160000000.0.jpeg,0.04,0
pathr44519960000000.0.jpeg,0.04,0
pathr44526220000000.0.jpeg,0.04,0
pathr44532100000000.0.jpeg,0.04,0
pathr44537940000000.0.jpeg,0.04,0
pathr44543830000000.0.jpeg,0.04,0
pathr44549140000000.0.jpeg,0.04,0
pathr44554690000000.0.jpeg,0.04,0
pathr44559240000000.0.jpeg,0.04,0
pathr44564950000000.1.jpeg,0.04,0.1
pathr44570510000000.0.jpeg,0.04,0
pathr44575810000000.0.jpeg,0.04,0
pathr44582160000000.0.jpeg,0.04,0
pathr44587360000000.0.jpeg,0.04,0
pathr44592590000000.0.jpeg,0.04,0
pathr44599240000000.0.jpeg,0.04,0
pathr44605630000000.0.jpeg,0.04,0
pathr44611550000000.0.jpeg,0.04,0
pathr44617560000000.0.jpeg,0.04,0
pathr44622520000000.0.jpeg,0.04,0
pathr44627800000000.0.jpeg,0.04,0
pathr44634050000000.0.jpeg,0.04,0
pathr44639350000000.0.jpeg,0.04,0
pathr44644700000000.0.jpeg,0.04,0
pathr44649970000000.0.jpeg,0.04,0
pathr44655950000000.0.jpeg,0.04,0
pathr44661180000000.0.jpeg,0.04,0
pathr44666820000000.0.jpeg,0.04,0
pathr44672830000000.0.jpeg,0.04,0
pathr44677770000000.0.jpeg,0.04,0
pathr44683170000000.0.jpeg,0.04,0
pathr44688830000000.0.jpeg,0.04,0
pathr44694610000000.1.jpeg,0.04,0.1
pathr44699690000000.1.jpeg,0.04,0.1
pathr44705200000000.1.jpeg,0.04,0.1
pathr44709860000000.1.jpeg,0.04,0.1
pathr44715110000000.1.jpeg,0.04,0.1
pathr44721370000000.1.jpeg,0.04,0.1
pathr44727480000000.1.jpeg,0.04,0.1
pathr44733620000000.1.jpeg,0.04,0.1
pathr44739910000000.1.jpeg,0.04,0.1
pathr44745800000000.1.jpeg,0.04,0.1
pathr44751630000000.1.jpeg,0.04,0.1
pathr44757790000000.1.jpeg,0.04,0.1
pathr44763670000000.1.jpeg,0.04,0.1
pathr44769850000000.1.jpeg,0.04,0.1
pathr44775490000000.1.jpeg,0.04,0.1
pathr44781580000000.1.jpeg,0.04,0.1
pathr44787760000000.1.jpeg,0.04,0.1
pathr44793550000000.1.jpeg,0.04,0.1
pathr44799120000000.1.jpeg,0.04,0.1
pathr44805730000000.15.jpeg,0.04,0.15
pathr44812130000000.0.jpeg,0.04,0
pathr44818420000000.0.jpeg,0.04,0
pathr44824630000000.0.jpeg,0.04,0
pathr44824630000000.0.jpeg,0.04,0
pathr44830500000000.0.jpeg,0.04,0
pathr44836890000000.0.jpeg,0.04,0
pathr44843250000000.0.jpeg,0.04,0
pathr44849750000000.1.jpeg,0.04,0.1
pathr44855670000000.1.jpeg,0.04,0.1
pathr44862330000000.1.jpeg,0.04,0.1
pathr44867790000000.1.jpeg,0.04,0.1
pathr44873840000000.1.jpeg,0.04,0.1
pathr44879580000000.1.jpeg,0.04,0.1
pathr44885490000000.1.jpeg,0.04,0.1
pathr44891780000000.1.jpeg,0.04,0.1
pathr44898530000000.1.jpeg,0.04,0.1
pathr44904090000000.1.jpeg,0.04,0.1
pathr44910190000000.1.jpeg,0.04,0.1
pathr44916450000000.1.jpeg,0.04,0.1
pathr44923140000000.1.jpeg,0.04,0.1
pathr44929380000000.1.jpeg,0.04,0.1
pathr44935380000000.1.jpeg,0.04,0.1
pathr44941320000000.1.jpeg,0.04,0.1
pathr44946850000000.1.jpeg,0.04,0.1
pathr44952550000000.1.jpeg,0.04,0.1
pathr44959010000000.1.jpeg,0.04,0.1
pathr44965010000000.1.jpeg,0.04,0.1
pathr44970830000000.1.jpeg,0.04,0.1
pathr44976740000000.1.jpeg,0.04,0.1
pathr44982910000000.1.jpeg,0.04,0.1
pathr44989090000000.1.jpeg,0.04,0.1
pathr44995070000000.1.jpeg,0.04,0.1
pathr45000910000000.1.jpeg,0.04,0.1
pathr45006350000000.1.jpeg,0.04,0.1
pathr45012090000000.1.jpeg,0.04,0.1
pathr45017630000000.1.jpeg,0.04,0.1
pathr45023260000000.1.jpeg,0.04,0.1
pathr45029520000000.0.jpeg,0.04,0
pathr45035750000000.0.jpeg,0.04,0
pathr45041330000000.1.jpeg,0.05,0.1
pathr45047240000000.1.jpeg,0.05,0.1
pathr45052940000000.1.jpeg,0.05,0.1
pathr45059330000000.1.jpeg,0.05,0.1
pathr45065450000000.1.jpeg,0.05,0.1
pathr45071260000000.1.jpeg,0.05,0.1
pathr45076870000000.1.jpeg,0.05,0.1
pathr45082920000000.1.jpeg,0.05,0.1
pathr45088580000000.1.jpeg,0.05,0.1
pathr45094130000000.1.jpeg,0.05,0.1
pathr45099990000000.1.jpeg,0.05,0.1
pathr45105940000000.1.jpeg,0.05,0.1
pathr45105890000000.1.jpeg,0.05,0.1
pathr45112290000000.1.jpeg,0.05,0.1
pathr45118220000000.1.jpeg,0.05,0.1
pathr45124460000000.0.jpeg,0.05,0
pathr45130150000000.0.jpeg,0.05,0
pathr45136130000000.0.jpeg,0.05,0
pathr45140690000000.0.jpeg,0.05,0
pathr45146560000000.0.jpeg,0.05,0
pathr45152330000000.0.jpeg,0.05,0
pathr45158690000000.0.jpeg,0.05,0
pathr45164800000000.0.jpeg,0.05,0
pathr45170730000000.0.jpeg,0.05,0
pathr4517706000000-0.1.jpeg,0.05,-0.1
pathr4518295000000-0.1.jpeg,0.05,-0.1
pathr4518922000000-0.1.jpeg,0.05,-0.1
pathr4519460000000-0.1.jpeg,0.05,-0.1
pathr4520074000000-0.1.jpeg,0.05,-0.1
pathr4520696000000-0.1.jpeg,0.05,-0.1
pathr4521302000000-0.1.jpeg,0.05,-0.1
pathr4521914000000-0.2.jpeg,0.05,-0.2
pathr4522522000000-0.2.jpeg,0.05,-0.2
pathr4523149000000-0.2.jpeg,0.05,-0.2
pathr4523729000000-0.2.jpeg,0.05,-0.2
pathr4524357000000-0.2.jpeg,0.05,-0.2
pathr4524970000000-0.2.jpeg,0.05,-0.2
pathr4524970000000-0.2.jpeg,0.05,-0.2
pathr4525540000000-0.2.jpeg,0.05,-0.2
pathr4526155000000-0.2.jpeg,0.05,-0.2
pathr4526706000000-0.2.jpeg,0.05,-0.2
pathr4527335000000-0.2.jpeg,0.05,-0.2
pathr4527921000000-0.2.jpeg,0.05,-0.2
pathr4528519000000-0.2.jpeg,0.05,-0.2
pathr4529134000000-0.1.jpeg,0.05,-0.1
pathr4529724000000-0.1.jpeg,0.05,-0.1
pathr4530343000000-0.1.jpeg,0.05,-0.1
pathr4530962000000-0.1.jpeg,0.05,-0.1
pathr4531559000000-0.1.jpeg,0.05,-0.1
pathr4532167000000-0.1.jpeg,0.05,-0.1
pathr4532774000000-0.1.jpeg,0.05,-0.1
pathr4533346000000-0.1.jpeg,0.05,-0.1
pathr4533964000000-0.1.jpeg,0.05,-0.1
pathr4534535000000-0.1.jpeg,0.05,-0.1
pathr4535111000000-0.1.jpeg,0.05,-0.1
pathr4535716000000-0.1.jpeg,0.05,-0.1
pathr4536338000000-0.1.jpeg,0.05,-0.1
pathr4536948000000-0.1.jpeg,0.05,-0.1
pathr4536925000000-0.1.jpeg,0.05,-0.1
pathr4537633000000-0.1.jpeg,0.05,-0.1
pathr4538300000000-0.1.jpeg,0.05,-0.1
pathr4538903000000-0.1.jpeg,0.05,-0.1
pathr4539507000000-0.1.jpeg,0.05,-0.1
pathr4540136000000-0.1.jpeg,0.05,-0.1
pathr4540711000000-0.1.jpeg,0.05,-0.1
pathr4541293000000-0.1.jpeg,0.05,-0.1
pathr4541906000000-0.1.jpeg,0.05,-0.1
pathr4542524000000-0.1.jpeg,0.05,-0.1
pathr4543142000000-0.1.jpeg,0.05,-0.1
pathr4543723000000-0.1.jpeg,0.05,-0.1
pathr4544325000000-0.1.jpeg,0.05,-0.1
pathr4544936000000-0.1.jpeg,0.05,-0.1
pathr4544937000000-0.1.jpeg,0.05,-0.1
pathr4545508000000-0.1.jpeg,0.05,-0.1
pathr45461720000000.0.jpeg,0.05,0
pathr45467740000000.0.jpeg,0.05,0
pathr45473570000000.0.jpeg,0.05,0
pathr45479950000000.0.jpeg,0.05,0
pathr4548596000000-0.1.jpeg,0.05,-0.1
pathr4549235000000-0.1.jpeg,0.05,-0.1
pathr45498050000000.0.jpeg,0.05,0
pathr45504030000000.0.jpeg,0.05,0
pathr45510300000000.0.jpeg,0.05,0
pathr45516490000000.0.jpeg,0.05,0
pathr45522950000000.0.jpeg,0.05,0
pathr45529130000000.0.jpeg,0.05,0
pathr45535110000000.0.jpeg,0.05,0
pathr45541230000000.0.jpeg,0.05,0
pathr45547290000000.0.jpeg,0.05,0
pathr45553040000000.0.jpeg,0.05,0
pathr45559100000000.0.jpeg,0.05,0
pathr45565240000000.0.jpeg,0.05,0
pathr45571530000000.0.jpeg,0.05,0
pathr45577720000000.0.jpeg,0.05,0
pathr45584090000000.0.jpeg,0.05,0
pathr45590710000000.0.jpeg,0.05,0
pathr45596900000000.1.jpeg,0.05,0.1
pathr45603050000000.1.jpeg,0.05,0.1
pathr45608940000000.1.jpeg,0.05,0.1
pathr45614880000000.1.jpeg,0.05,0.1
pathr45621160000000.1.jpeg,0.05,0.1
pathr45627460000000.1.jpeg,0.05,0.1
pathr45633040000000.1.jpeg,0.05,0.1
pathr45638780000000.1.jpeg,0.05,0.1
pathr45645060000000.1.jpeg,0.05,0.1
pathr45651030000000.1.jpeg,0.05,0.1
pathr45657440000000.1.jpeg,0.05,0.1
pathr45663410000000.1.jpeg,0.05,0.1
pathr45669330000000.1.jpeg,0.05,0.1
pathr45669330000000.1.jpeg,0.05,0.1
pathr45675730000000.1.jpeg,0.05,0.1
pathr45681920000000.1.jpeg,0.05,0.1
pathr45687790000000.1.jpeg,0.05,0.1
pathr45693840000000.1.jpeg,0.05,0.1
pathr45700810000000.1.jpeg,0.05,0.1
pathr45707030000000.1.jpeg,0.05,0.1
pathr45713200000000.1.jpeg,0.05,0.1
pathr45719490000000.1.jpeg,0.05,0.1
pathr45725930000000.0.jpeg,0.05,0
pathr45731910000000.0.jpeg,0.05,0
pathr45738170000000.0.jpeg,0.05,0
pathr45744920000000.0.jpeg,0.05,0
pathr45751300000000.0.jpeg,0.05,0
pathr45757830000000.0.jpeg,0.05,0
pathr45763650000000.1.jpeg,0.05,0.1
pathr45769990000000.1.jpeg,0.05,0.1
pathr45776270000000.0.jpeg,0.05,0
pathr45782640000000.0.jpeg,0.05,0
pathr45788650000000.0.jpeg,0.05,0
pathr45794270000000.0.jpeg,0.05,0
pathr45800290000000.0.jpeg,0.05,0
pathr45805900000000.0.jpeg,0.05,0
pathr45812120000000.0.jpeg,0.05,0
pathr58612740000000.0.jpeg,0,0
pathr58618610000000.0.jpeg,0,0
pathr58624220000000.0.jpeg,0,0
pathr58629650000000.0.jpeg,0,0
pathr58635480000000.0.jpeg,0,0
pathr58640940000000.0.jpeg,0,0
pathr58645970000000.0.jpeg,0,0
pathr58650880000000.0.jpeg,0,0
pathr58656950000000.0.jpeg,0,0
pathr58662820000000.0.jpeg,0.015,0
pathr58669040000000.0.jpeg,0.03,0
pathr58675050000000.0.jpeg,0.03,0
pathr58680860000000.0.jpeg,0.03,0
pathr58687120000000.1.jpeg,0.04,0.1
pathr58693560000000.0.jpeg,0.04,0
pathr58699890000000.0.jpeg,0.045,0
pathr58706570000000.0.jpeg,0.05,0
pathr58713080000000.0.jpeg,0.05,0
pathr58719210000000.0.jpeg,0.05,0
pathr58725180000000.0.jpeg,0.05,0
pathr58731230000000.1.jpeg,0.05,0.1
pathr58737540000000.0.jpeg,0.05,0
pathr58743520000000.0.jpeg,0.055,0
pathr58743520000000.0.jpeg,0.055,0
pathr5874940000000-0.05.jpeg,0.06,-0.05
pathr58755090000000.0.jpeg,0.06,0
pathr58761380000000.0.jpeg,0.06,0
pathr58767110000000.0.jpeg,0.06,0
pathr58773060000000.0.jpeg,0.06,0
pathr58778440000000.0.jpeg,0.06,0
pathr58784090000000.0.jpeg,0.06,0
pathr58790170000000.0.jpeg,0.06,0
pathr58796260000000.0.jpeg,0.06,0
pathr58802290000000.0.jpeg,0.06,0
pathr58807870000000.0.jpeg,0.06,0
pathr58813900000000.0.jpeg,0.06,0
pathr58819740000000.0.jpeg,0.06,0
pathr58826300000000.0.jpeg,0.06,0
pathr58831830000000.0.jpeg,0.06,0
pathr58837710000000.0.jpeg,0.06,0
pathr58844080000000.0.jpeg,0.06,0
pathr58849940000000.0.jpeg,0.06,0
pathr58856060000000.0.jpeg,0.06,0
pathr58856060000000.0.jpeg,0.06,0
pathr58861610000000.1.jpeg,0.06,0.1
pathr58868050000000.1.jpeg,0.06,0.1
pathr58874240000000.1.jpeg,0.06,0.1
pathr58879820000000.1.jpeg,0.06,0.1
pathr58885840000000.1.jpeg,0.06,0.1
pathr58891800000000.1.jpeg,0.06,0.1
pathr58898420000000.1.jpeg,0.06,0.1
pathr58904770000000.1.jpeg,0.06,0.1
pathr58910650000000.1.jpeg,0.06,0.1
pathr58916550000000.1.jpeg,0.06,0.1
pathr58922430000000.1.jpeg,0.06,0.1
pathr58928770000000.1.jpeg,0.06,0.1
pathr58935140000000.2.jpeg,0.06,0.2
pathr58940770000000.2.jpeg,0.06,0.2
pathr58947050000000.2.jpeg,0.06,0.2
pathr58953120000000.2.jpeg,0.06,0.2
pathr58959440000000.2.jpeg,0.06,0.2
pathr58965970000000.2.jpeg,0.06,0.2
pathr58972510000000.1.jpeg,0.06,0.1
pathr58978650000000.0.jpeg,0.06,0
pathr58984800000000.0.jpeg,0.06,0
pathr58990850000000.0.jpeg,0.06,0
pathr58996670000000.0.jpeg,0.06,0
pathr59002960000000.1.jpeg,0.06,0.1
pathr59008690000000.1.jpeg,0.06,0.1
pathr59014390000000.1.jpeg,0.06,0.1
pathr59020520000000.1.jpeg,0.06,0.1
pathr59026540000000.1.jpeg,0.06,0.1
pathr59032260000000.1.jpeg,0.06,0.1
pathr59038820000000.1.jpeg,0.06,0.1
pathr59044640000000.1.jpeg,0.06,0.1
pathr59044640000000.1.jpeg,0.06,0.1
pathr59050890000000.1.jpeg,0.06,0.1
pathr59056970000000.1.jpeg,0.06,0.1
pathr59062490000000.1.jpeg,0.06,0.1
pathr59068840000000.1.jpeg,0.06,0.1
pathr59074980000000.1.jpeg,0.06,0.1
pathr59080910000000.1.jpeg,0.06,0.1
pathr59087020000000.1.jpeg,0.06,0.1
pathr59092930000000.1.jpeg,0.06,0.1
pathr59099100000000.1.jpeg,0.06,0.1
pathr59105170000000.1.jpeg,0.06,0.1
pathr59110890000000.1.jpeg,0.06,0.1
pathr59117270000000.1.jpeg,0.06,0.1
pathr59123360000000.1.jpeg,0.06,0.1
pathr59129480000000.1.jpeg,0.06,0.1
pathr59135790000000.1.jpeg,0.06,0.1
pathr59135790000000.1.jpeg,0.06,0.1
pathr59142300000000.2.jpeg,0.06,0.2
pathr59147760000000.2.jpeg,0.06,0.2
pathr59153990000000.2.jpeg,0.06,0.2
pathr59160120000000.2.jpeg,0.06,0.2
pathr59166480000000.2.jpeg,0.06,0.2
pathr59172140000000.2.jpeg,0.06,0.2
pathr59178350000000.1.jpeg,0.06,0.1
pathr59184980000000.0.jpeg,0.06,0
pathr59190720000000.0.jpeg,0.06,0
pathr59196300000000.1.jpeg,0.06,0.1
pathr59202290000000.2.jpeg,0.06,0.2
pathr59208530000000.2.jpeg,0.06,0.2
pathr59214370000000.2.jpeg,0.06,0.2
pathr59220440000000.05.jpeg,0.06,0.05
pathr59226410000000.0.jpeg,0.06,0
pathr59232200000000.0.jpeg,0.06,0
pathr59238260000000.0.jpeg,0.06,0
pathr5924427000000-0.05.jpeg,0.06,-0.05
pathr5925071000000-0.1.jpeg,0.06,-0.1
pathr5925679000000-0.1.jpeg,0.06,-0.1
pathr5926254000000-0.1.jpeg,0.06,-0.1
pathr5926862000000-0.1.jpeg,0.06,-0.1
pathr5927485000000-0.1.jpeg,0.06,-0.1
pathr5928098000000-0.1.jpeg,0.06,-0.1
pathr5928641000000-0.1.jpeg,0.06,-0.1
pathr5929237000000-0.1.jpeg,0.06,-0.1
pathr5929839000000-0.2.jpeg,0.06,-0.2
pathr5930402000000-0.2.jpeg,0.06,-0.2
pathr5931017000000-0.2.jpeg,0.06,-0.2
pathr5931634000000-0.3.jpeg,0.06,-0.3
pathr5932262000000-0.3.jpeg,0.06,-0.3
pathr5932863000000-0.3.jpeg,0.06,-0.3
pathr5933470000000-0.3.jpeg,0.06,-0.3
pathr5934091000000-0.3.jpeg,0.06,-0.3
pathr5934712000000-0.3.jpeg,0.06,-0.3
pathr5935311000000-0.3.jpeg,0.06,-0.3
pathr5935930000000-0.3.jpeg,0.06,-0.3
pathr5936506000000-0.2.jpeg,0.06,-0.2
pathr5937094000000-0.1.jpeg,0.06,-0.1
pathr5937707000000-0.0.jpeg,0.06,0
pathr5938307000000-0.0.jpeg,0.06,0
pathr5938963000000-0.0.jpeg,0.06,0
pathr5939533000000-0.0.jpeg,0.06,0
pathr5940132000000-0.0.jpeg,0.06,0
pathr5940713000000-0.1.jpeg,0.06,-0.1
pathr5941334000000-0.1.jpeg,0.06,-0.1
pathr5941942000000-0.1.jpeg,0.06,-0.1
pathr5941930000000-0.1.jpeg,0.06,-0.1
pathr5942572000000-0.1.jpeg,0.06,-0.1
pathr5943215000000-0.1.jpeg,0.06,-0.1
pathr5943829000000-0.1.jpeg,0.06,-0.1
pathr5944489000000-0.1.jpeg,0.06,-0.1
pathr5945149000000-0.2.jpeg,0.06,-0.2
pathr5945729000000-0.2.jpeg,0.06,-0.2
pathr5946395000000-0.2.jpeg,0.06,-0.2
pathr5947031000000-0.1.jpeg,0.06,-0.1
pathr5947671000000-0.1.jpeg,0.06,-0.1
pathr5947672000000-0.1.jpeg,0.06,-0.1
pathr5948263000000-0.1.jpeg,0.06,-0.1
pathr5948892000000-0.2.jpeg,0.06,-0.2
pathr5949499000000-0.2.jpeg,0.06,-0.2
pathr5950118000000-0.2.jpeg,0.06,-0.2
pathr5950711000000-0.15.jpeg,0.06,-0.15
pathr5951321000000-0.1.jpeg,0.06,-0.1
pathr5951957000000-0.05.jpeg,0.06,-0.05
pathr5952541000000-0.0.jpeg,0.06,0
pathr5952543000000-0.0.jpeg,0.06,0
pathr5953142000000-0.0.jpeg,0.06,0
pathr5953719000000-0.0.jpeg,0.06,0
pathr5954345000000-0.0.jpeg,0.06,0
pathr5954915000000-0.0.jpeg,0.06,0
pathr5955509000000-0.0.jpeg,0.06,0
pathr5956169000000-0.0.jpeg,0.06,0
pathr5956725000000-0.0.jpeg,0.06,0
pathr5957328000000-0.0.jpeg,0.06,0
pathr5957941000000-0.0.jpeg,0.06,0
pathr5957942000000-0.0.jpeg,0.06,0
pathr5958539000000-0.0.jpeg,0.06,0
pathr5959147000000-0.0.jpeg,0.06,0
pathr5959754000000-0.0.jpeg,0.06,0
pathr5959752000000-0.0.jpeg,0.06,0
pathr5960394000000-0.0.jpeg,0.06,0
pathr5960374000000-0.0.jpeg,0.06,0
pathr5961054000000-0.0.jpeg,0.06,0
pathr59616710000000.1.jpeg,0.06,0.1
pathr5962247000000-0.0.jpeg,0.06,0
pathr5962951000000-0.0.jpeg,0.06,0
pathr59636040000000.1.jpeg,0.06,0.1
pathr59642840000000.1.jpeg,0.06,0.1
pathr59649080000000.1.jpeg,0.06,0.1
pathr59656120000000.1.jpeg,0.06,0.1
pathr59662690000000.1.jpeg,0.06,0.1
pathr59669010000000.1.jpeg,0.06,0.1
pathr59675790000000.1.jpeg,0.06,0.1
pathr59682090000000.15.jpeg,0.06,0.15
pathr59688680000000.2.jpeg,0.06,0.2
pathr59694850000000.2.jpeg,0.06,0.2
pathr59701170000000.2.jpeg,0.06,0.2
pathr59707260000000.2.jpeg,0.06,0.2
pathr59713160000000.2.jpeg,0.06,0.2
pathr59719060000000.2.jpeg,0.06,0.2
pathr5972543000000-0.0.jpeg,0.06,0
pathr5973109000000-0.0.jpeg,0.06,0
pathr5973718000000-0.0.jpeg,0.06,0
pathr5974257000000-0.0.jpeg,0.06,0
pathr5974815000000-0.0.jpeg,0.06,0
pathr59754360000000.1.jpeg,0.06,0.1
pathr59760430000000.1.jpeg,0.06,0.1
pathr5976668000000-0.0.jpeg,0.06,0
pathr5977236000000-0.0.jpeg,0.06,0
pathr5977880000000-0.0.jpeg,0.06,0
pathr5978496000000-0.0.jpeg,0.06,0
pathr5979052000000-0.0.jpeg,0.06,0
pathr5979594000000-0.0.jpeg,0.06,0
pathr60147110000000.0.jpeg,0.05,0
pathr60153560000000.0.jpeg,0.05,0
pathr60160010000000.0.jpeg,0.05,0
pathr60166330000000.0.jpeg,0.05,0
pathr60172810000000.0.jpeg,0.05,0
pathr60179490000000.0.jpeg,0.05,0
pathr60185660000000.0.jpeg,0.05,0
pathr60191720000000.0.jpeg,0.05,0
pathr60197630000000.0.jpeg,0.05,0
pathr60203710000000.0.jpeg,0.05,0
pathr60209400000000.0.jpeg,0.05,0
pathr60215510000000.0.jpeg,0.05,0
pathr60221390000000.0.jpeg,0.05,0
pathr6022772000000-0.05.jpeg,0.05,-0.05
pathr60233920000000.0.jpeg,0.05,0
pathr60239710000000.0.jpeg,0.05,0
pathr60245630000000.0.jpeg,0.05,0
pathr60252140000000.0.jpeg,0.05,0
pathr60257760000000.0.jpeg,0.05,0
pathr60263050000000.0.jpeg,0.05,0
pathr60268880000000.0.jpeg,0.05,0
pathr60275110000000.0.jpeg,0.05,0
pathr60281010000000.0.jpeg,0.05,0
pathr60287130000000.0.jpeg,0.05,0
pathr60292980000000.0.jpeg,0.05,0
pathr60299310000000.0.jpeg,0.06,0
pathr60305580000000.0.jpeg,0.06,0
pathr60311800000000.0.jpeg,0.06,0
pathr60318170000000.0.jpeg,0.06,0
pathr60324630000000.0.jpeg,0.06,0
pathr60330130000000.0.jpeg,0.06,0
pathr60330120000000.0.jpeg,0.06,0
pathr60335840000000.0.jpeg,0.06,0
pathr60342490000000.0.jpeg,0.06,0
pathr60347920000000.0.jpeg,0.06,0
pathr60354070000000.0.jpeg,0.06,0
pathr60360530000000.0.jpeg,0.06,0
pathr60366060000000.1.jpeg,0.06,0.1
pathr60372000000000.1.jpeg,0.06,0.1
pathr60378630000000.1.jpeg,0.06,0.1
pathr60384610000000.1.jpeg,0.06,0.1
pathr60390700000000.1.jpeg,0.06,0.1
pathr60396640000000.1.jpeg,0.06,0.1
pathr60402950000000.1.jpeg,0.06,0.1
pathr60408910000000.1.jpeg,0.06,0.1
pathr60415210000000.1.jpeg,0.06,0.1
pathr60422040000000.2.jpeg,0.06,0.2
pathr60428930000000.2.jpeg,0.06,0.2
pathr60434940000000.15.jpeg,0.06,0.15
pathr60440720000000.1.jpeg,0.06,0.1
pathr60446960000000.2.jpeg,0.06,0.2
pathr60453070000000.2.jpeg,0.06,0.2
pathr60458930000000.2.jpeg,0.06,0.2
pathr60465180000000.2.jpeg,0.06,0.2
pathr60470990000000.1.jpeg,0.06,0.1
pathr60477000000000.0.jpeg,0.06,0
pathr60482960000000.0.jpeg,0.06,0
pathr60489200000000.0.jpeg,0.06,0
pathr60495180000000.0.jpeg,0.06,0
pathr60501060000000.1.jpeg,0.06,0.1
pathr60507400000000.1.jpeg,0.06,0.1
pathr60513340000000.1.jpeg,0.06,0.1
pathr60519270000000.1.jpeg,0.06,0.1
pathr60525220000000.1.jpeg,0.06,0.1
pathr60530910000000.1.jpeg,0.06,0.1
pathr60536860000000.1.jpeg,0.06,0.1
pathr60542910000000.1.jpeg,0.06,0.1
pathr60548920000000.1.jpeg,0.06,0.1
pathr60555370000000.1.jpeg,0.06,0.1
pathr60560730000000.1.jpeg,0.06,0.1
pathr60566950000000.1.jpeg,0.06,0.1
pathr60572910000000.1.jpeg,0.06,0.1
pathr60578940000000.1.jpeg,0.06,0.1
pathr60585310000000.15.jpeg,0.06,0.15
pathr60591030000000.2.jpeg,0.06,0.2
pathr60597890000000.2.jpeg,0.06,0.2
pathr60604050000000.2.jpeg,0.06,0.2
pathr60609970000000.2.jpeg,0.06,0.2
pathr60616140000000.2.jpeg,0.06,0.2
pathr60622420000000.1.jpeg,0.06,0.1
pathr60629080000000.1.jpeg,0.06,0.1
pathr60634680000000.1.jpeg,0.06,0.1
pathr60634670000000.1.jpeg,0.06,0.1
pathr60640890000000.1.jpeg,0.06,0.1
pathr60647340000000.1.jpeg,0.06,0.1
pathr60653590000000.1.jpeg,0.06,0.1
pathr60659410000000.2.jpeg,0.06,0.2
pathr60665010000000.2.jpeg,0.06,0.2
pathr60671110000000.2.jpeg,0.06,0.2
pathr60677330000000.2.jpeg,0.06,0.2
pathr60682990000000.2.jpeg,0.06,0.2
pathr60682980000000.2.jpeg,0.06,0.2
pathr60688670000000.2.jpeg,0.06,0.2
pathr60694310000000.0.jpeg,0.06,0
pathr60700170000000.0.jpeg,0.06,0
pathr6070600000000-0.1.jpeg,0.06,-0.1
pathr6071228000000-0.1.jpeg,0.06,-0.1
pathr60718410000000.0.jpeg,0.06,0
pathr60724210000000.0.jpeg,0.06,0
pathr60730440000000.0.jpeg,0.06,0
pathr6073657000000-0.1.jpeg,0.06,-0.1
pathr6074266000000-0.1.jpeg,0.06,-0.1
pathr6074868000000-0.1.jpeg,0.06,-0.1
pathr6075381000000-0.1.jpeg,0.06,-0.1
pathr6075916000000-0.1.jpeg,0.06,-0.1
pathr6076531000000-0.15.jpeg,0.06,-0.15
pathr6077114000000-0.2.jpeg,0.06,-0.2
pathr6077699000000-0.15.jpeg,0.06,-0.15
pathr6078278000000-0.1.jpeg,0.06,-0.1
pathr6078842000000-0.1.jpeg,0.06,-0.1
pathr6079434000000-0.2.jpeg,0.06,-0.2
pathr6079978000000-0.2.jpeg,0.06,-0.2
pathr6080556000000-0.2.jpeg,0.06,-0.2
pathr6081111000000-0.2.jpeg,0.06,-0.2
pathr6081636000000-0.2.jpeg,0.06,-0.2
pathr6082180000000-0.2.jpeg,0.06,-0.2
pathr6082761000000-0.2.jpeg,0.06,-0.2
pathr6083308000000-0.2.jpeg,0.06,-0.2
pathr6083875000000-0.25.jpeg,0.06,-0.25
pathr6084485000000-0.3.jpeg,0.06,-0.3
pathr6085082000000-0.3.jpeg,0.06,-0.3
pathr6085083000000-0.3.jpeg,0.06,-0.3
pathr6085723000000-0.3.jpeg,0.06,-0.3
pathr6086278000000-0.2.jpeg,0.06,-0.2
pathr6086927000000-0.1.jpeg,0.06,-0.1
pathr6087567000000-0.0.jpeg,0.06,0
pathr6088105000000-0.0.jpeg,0.06,0
pathr6088720000000-0.0.jpeg,0.06,0
pathr6089282000000-0.0.jpeg,0.06,0
pathr6089901000000-0.1.jpeg,0.06,-0.1
pathr6090483000000-0.1.jpeg,0.06,-0.1
pathr6091126000000-0.1.jpeg,0.06,-0.1
pathr6091772000000-0.1.jpeg,0.06,-0.1
pathr6092341000000-0.1.jpeg,0.06,-0.1
pathr6092975000000-0.1.jpeg,0.06,-0.1
pathr6093530000000-0.1.jpeg,0.06,-0.1
pathr6094152000000-0.1.jpeg,0.06,-0.1
pathr6094723000000-0.1.jpeg,0.06,-0.1
pathr6095332000000-0.1.jpeg,0.06,-0.1
pathr6095945000000-0.2.jpeg,0.06,-0.2
pathr6096527000000-0.2.jpeg,0.06,-0.2
pathr6097182000000-0.2.jpeg,0.06,-0.2
pathr6097810000000-0.1.jpeg,0.06,-0.1
pathr6098424000000-0.2.jpeg,0.06,-0.2
pathr6099048000000-0.2.jpeg,0.06,-0.2
pathr6099049000000-0.2.jpeg,0.06,-0.2
pathr6099679000000-0.15.jpeg,0.06,-0.15
pathr6100305000000-0.1.jpeg,0.06,-0.1
pathr6100869000000-0.0.jpeg,0.06,0
pathr6101501000000-0.0.jpeg,0.06,0
pathr6102154000000-0.0.jpeg,0.06,0
pathr6102752000000-0.0.jpeg,0.06,0
pathr6103379000000-0.0.jpeg,0.06,0
pathr6104017000000-0.0.jpeg,0.06,0
pathr6104621000000-0.0.jpeg,0.06,0
pathr6104622000000-0.0.jpeg,0.06,0
pathr6105214000000-0.0.jpeg,0.06,0
pathr6105824000000-0.0.jpeg,0.06,0
pathr6106455000000-0.0.jpeg,0.06,0
pathr6107058000000-0.1.jpeg,0.06,-0.1
pathr6107658000000-0.05.jpeg,0.06,-0.05
pathr6108336000000-0.0.jpeg,0.06,0
pathr6108952000000-0.0.jpeg,0.06,0
pathr6109524000000-0.0.jpeg,0.06,0
pathr6110111000000-0.0.jpeg,0.06,0
pathr6110728000000-0.0.jpeg,0.06,0
pathr6111331000000-0.0.jpeg,0.06,0
pathr6111330000000-0.0.jpeg,0.06,0
pathr61119620000000.1.jpeg,0.06,0.1
pathr61125830000000.1.jpeg,0.06,0.1
pathr61131840000000.2.jpeg,0.06,0.2
pathr61138100000000.1.jpeg,0.06,0.1
pathr61144380000000.1.jpeg,0.06,0.1
pathr61150560000000.1.jpeg,0.06,0.1
pathr61156380000000.1.jpeg,0.06,0.1
pathr61162460000000.1.jpeg,0.06,0.1
pathr61168350000000.1.jpeg,0.06,0.1
pathr61174170000000.1.jpeg,0.06,0.1
pathr61180680000000.2.jpeg,0.06,0.2
pathr61186440000000.2.jpeg,0.06,0.2
pathr61192570000000.2.jpeg,0.06,0.2
pathr61198870000000.2.jpeg,0.06,0.2
pathr61205150000000.2.jpeg,0.06,0.2
pathr61210920000000.2.jpeg,0.06,0.2
pathr6121650000000-0.0.jpeg,0.06,0
pathr6122278000000-0.0.jpeg,0.06,0
pathr6122942000000-0.0.jpeg,0.06,0
pathr6123570000000-0.0.jpeg,0.06,0
pathr6124171000000-0.0.jpeg,0.06,0
pathr61247790000000.1.jpeg,0.06,0.1
pathr61253130000000.1.jpeg,0.06,0.1
pathr6125930000000-0.0.jpeg,0.06,0
pathr6126464000000-0.0.jpeg,0.06,0
pathr6127076000000-0.0.jpeg,0.06,0
pathr6127076000000-0.0.jpeg,0.06,0
pathr6127708000000-0.0.jpeg,0.06,0
pathr6128361000000-0.0.jpeg,0.06,0
pathr6129000000000-0.0.jpeg,0.06,0
pathr6129635000000-0.0.jpeg,0.06,0
pathr6130229000000-0.0.jpeg,0.06,0
pathr6130851000000-0.0.jpeg,0.06,0
pathr6131429000000-0.0.jpeg,0.06,0
pathr6132060000000-0.0.jpeg,0.06,0
pathr6132603000000-0.0.jpeg,0.06,0
pathr61331620000000.1.jpeg,0.06,0.1
pathr61337880000000.1.jpeg,0.06,0.1
pathr61344120000000.15.jpeg,0.06,0.15
pathr61350480000000.2.jpeg,0.06,0.2
pathr61356840000000.2.jpeg,0.06,0.2
pathr61363490000000.2.jpeg,0.06,0.2
pathr61369910000000.1.jpeg,0.06,0.1
pathr61375510000000.1.jpeg,0.06,0.1
pathr61381290000000.1.jpeg,0.06,0.1
pathr65010620000000.0.jpeg,0.03,0.0
pathr65016770000000.0.jpeg,0.06,0.0
pathr65022520000000.0.jpeg,0.07,0.0
pathr65028210000000.0.jpeg,0.07,0.0
pathr65033680000000.0.jpeg,0.07,0.0
pathr65039750000000.0.jpeg,0.07,0.0
pathr65045650000000.0.jpeg,0.0,0.0
pathr65051450000000.0.jpeg,0.01,0.0
pathr65057750000000.0.jpeg,0.04,0.0
pathr65064190000000.0.jpeg,0.06,0.0
pathr65070660000000.0.jpeg,0.06,0.0
pathr65076380000000.0.jpeg,0.06,0.0
pathr65082400000000.1.jpeg,0.06,0.1
pathr65082400000000.1.jpeg,0.06,0.1
pathr65088660000000.1.jpeg,0.06,0.1
pathr65094540000000.0.jpeg,0.06,0.0
pathr65101240000000.0.jpeg,0.06,0.0
pathr65106740000000.0.jpeg,0.06,0.0
pathr65113150000000.0.jpeg,0.06,0.0
pathr65118890000000.0.jpeg,0.06,0.0
pathr65124990000000.0.jpeg,0.06,0.0
pathr65131080000000.0.jpeg,0.06,0.0
pathr65136870000000.0.jpeg,0.06,0.0
pathr65142670000000.0.jpeg,0.06,0.0
pathr65148740000000.0.jpeg,0.06,0.0
pathr65155180000000.0.jpeg,0.06,0.0
pathr65161150000000.0.jpeg,0.06,0.0
pathr65167200000000.0.jpeg,0.06,0.0
pathr65173070000000.0.jpeg,0.06,0.0
pathr65179570000000.0.jpeg,0.06,0.0
pathr65185630000000.0.jpeg,0.06,0.0
pathr65190670000000.0.jpeg,0.06,0.0
pathr65196480000000.0.jpeg,0.06,0.0
pathr65202370000000.0.jpeg,0.06,0.0
pathr65208620000000.0.jpeg,0.06,0.0
pathr65214890000000.0.jpeg,0.06,0.0
pathr65220620000000.0.jpeg,0.06,0.0
pathr65226530000000.2.jpeg,0.06,0.2
pathr65232510000000.1.jpeg,0.06,0.1
pathr65238740000000.1.jpeg,0.06,0.1
pathr65245090000000.1.jpeg,0.06,0.1
pathr65252000000000.1.jpeg,0.06,0.1
pathr65258300000000.1.jpeg,0.06,0.1
pathr65264340000000.1.jpeg,0.06,0.1
pathr65270700000000.1.jpeg,0.06,0.1
pathr65276350000000.1.jpeg,0.06,0.1
pathr65282690000000.1.jpeg,0.06,0.1
pathr65288670000000.2.jpeg,0.06,0.2
pathr65294780000000.2.jpeg,0.06,0.2
pathr65300930000000.2.jpeg,0.06,0.2
pathr65307390000000.2.jpeg,0.06,0.2
pathr65313900000000.2.jpeg,0.06,0.2
pathr65319900000000.05.jpeg,0.06,0.05
pathr65326140000000.0.jpeg,0.06,0.0
pathr65332020000000.1.jpeg,0.06,0.1
pathr65339140000000.1.jpeg,0.06,0.1
pathr65345700000000.1.jpeg,0.06,0.1
pathr65351800000000.1.jpeg,0.06,0.1
pathr65357380000000.1.jpeg,0.06,0.1
pathr65363050000000.1.jpeg,0.06,0.1
pathr65369130000000.1.jpeg,0.06,0.1
pathr65375230000000.1.jpeg,0.06,0.1
pathr65381240000000.1.jpeg,0.06,0.1
pathr65387380000000.1.jpeg,0.06,0.1
pathr65393070000000.1.jpeg,0.06,0.1
pathr65398680000000.1.jpeg,0.06,0.1
pathr65398680000000.1.jpeg,0.06,0.1
pathr65405190000000.1.jpeg,0.06,0.1
pathr65411300000000.2.jpeg,0.06,0.2
pathr65417360000000.2.jpeg,0.06,0.2
pathr65423530000000.2.jpeg,0.06,0.2
pathr65429020000000.2.jpeg,0.06,0.2
pathr65435180000000.2.jpeg,0.06,0.2
pathr65440960000000.2.jpeg,0.06,0.2
pathr65447830000000.1.jpeg,0.06,0.1
pathr65453890000000.0.jpeg,0.06,0.0
pathr65460180000000.0.jpeg,0.06,0.0
pathr65465870000000.1.jpeg,0.06,0.1
pathr65471930000000.1.jpeg,0.06,0.1
pathr65477700000000.1.jpeg,0.06,0.1
pathr65483260000000.1.jpeg,0.06,0.1
pathr65489040000000.1.jpeg,0.06,0.1
pathr65494430000000.1.jpeg,0.06,0.1
pathr65499570000000.1.jpeg,0.06,0.1
pathr65505970000000.1.jpeg,0.06,0.1
pathr65505990000000.1.jpeg,0.06,0.1
pathr65511910000000.1.jpeg,0.06,0.1
pathr65517880000000.1.jpeg,0.06,0.1
pathr65524100000000.1.jpeg,0.06,0.1
pathr65529840000000.1.jpeg,0.06,0.1
pathr65535830000000.2.jpeg,0.06,0.2
pathr65541760000000.2.jpeg,0.06,0.2
pathr65547380000000.15.jpeg,0.06,0.15
pathr65554130000000.0.jpeg,0.06,0.0
pathr65560060000000.0.jpeg,0.06,0.0
pathr65566100000000.0.jpeg,0.06,0.0
pathr65572250000000.0.jpeg,0.06,0.0
pathr65578040000000.0.jpeg,0.06,0.0
pathr6558398000000-0.15.jpeg,0.06,-0.15
pathr6559020000000-0.2.jpeg,0.06,-0.2
pathr6559591000000-0.1.jpeg,0.06,-0.1
pathr6560132000000-0.1.jpeg,0.06,-0.1
pathr6560757000000-0.1.jpeg,0.06,-0.1
pathr6561338000000-0.1.jpeg,0.06,-0.1
pathr6561906000000-0.2.jpeg,0.06,-0.2
pathr6562561000000-0.2.jpeg,0.06,-0.2
pathr6563158000000-0.2.jpeg,0.06,-0.2
pathr6563728000000-0.3.jpeg,0.06,-0.3
pathr6564291000000-0.3.jpeg,0.06,-0.3
pathr6564847000000-0.3.jpeg,0.06,-0.3
pathr6564847000000-0.3.jpeg,0.06,-0.3
pathr6565391000000-0.3.jpeg,0.06,-0.3
pathr6565953000000-0.3.jpeg,0.06,-0.3
pathr6566558000000-0.2.jpeg,0.06,-0.2
pathr6567227000000-0.2.jpeg,0.06,-0.2
pathr6567859000000-0.2.jpeg,0.06,-0.2
pathr6568479000000-0.2.jpeg,0.06,-0.2
pathr6569065000000-0.2.jpeg,0.06,-0.2
pathr6569645000000-0.2.jpeg,0.06,-0.2
pathr6570235000000-0.0.jpeg,0.06,-0.0
pathr6570873000000-0.0.jpeg,0.06,-0.0
pathr6571467000000-0.1.jpeg,0.06,-0.1
pathr6572052000000-0.1.jpeg,0.06,-0.1
pathr6572667000000-0.1.jpeg,0.06,-0.1
pathr6573235000000-0.1.jpeg,0.06,-0.1
pathr6573235000000-0.1.jpeg,0.06,-0.1
pathr6573895000000-0.1.jpeg,0.06,-0.1
pathr6574517000000-0.1.jpeg,0.06,-0.1
pathr6575146000000-0.1.jpeg,0.06,-0.1
pathr6575769000000-0.1.jpeg,0.06,-0.1
pathr6576378000000-0.1.jpeg,0.06,-0.1
pathr6576980000000-0.1.jpeg,0.06,-0.1
pathr6577569000000-0.1.jpeg,0.06,-0.1
pathr6578205000000-0.1.jpeg,0.06,-0.1
pathr6578835000000-0.2.jpeg,0.06,-0.2
pathr6579461000000-0.2.jpeg,0.06,-0.2
pathr6580014000000-0.2.jpeg,0.06,-0.2
pathr6580599000000-0.2.jpeg,0.06,-0.2
pathr6581240000000-0.2.jpeg,0.06,-0.2
pathr6581852000000-0.15.jpeg,0.06,-0.15
pathr6582464000000-0.0.jpeg,0.06,-0.0
pathr6583080000000-0.0.jpeg,0.06,-0.0
pathr6583080000000-0.0.jpeg,0.06,-0.0
pathr6583659000000-0.0.jpeg,0.06,-0.0
pathr6584272000000-0.0.jpeg,0.06,-0.0
pathr6584968000000-0.1.jpeg,0.06,-0.1
pathr6585512000000-0.1.jpeg,0.06,-0.1
pathr6586134000000-0.0.jpeg,0.06,-0.0
pathr6586762000000-0.0.jpeg,0.06,-0.0
pathr6587382000000-0.0.jpeg,0.06,-0.0
pathr6588001000000-0.0.jpeg,0.06,-0.0
pathr6588649000000-0.0.jpeg,0.06,-0.0
pathr6589275000000-0.0.jpeg,0.06,-0.0
pathr6589906000000-0.0.jpeg,0.06,-0.0
pathr6590561000000-0.1.jpeg,0.06,-0.1
pathr6591196000000-0.1.jpeg,0.06,-0.1
pathr6591196000000-0.1.jpeg,0.06,-0.1
pathr6591778000000-0.0.jpeg,0.06,-0.0
pathr6592376000000-0.0.jpeg,0.06,-0.0
pathr6593012000000-0.0.jpeg,0.06,-0.0
pathr6593650000000-0.0.jpeg,0.06,-0.0
pathr65942970000000.1.jpeg,0.06,0.1
pathr65948860000000.1.jpeg,0.06,0.1
pathr65954430000000.1.jpeg,0.06,0.1
pathr65960460000000.1.jpeg,0.06,0.1
pathr65966700000000.1.jpeg,0.06,0.1
pathr65972650000000.1.jpeg,0.06,0.1
pathr65978480000000.1.jpeg,0.06,0.1
pathr65984150000000.2.jpeg,0.06,0.2
pathr65984150000000.2.jpeg,0.06,0.2
pathr65990360000000.1.jpeg,0.06,0.1
pathr65996490000000.1.jpeg,0.06,0.1
pathr66002330000000.2.jpeg,0.06,0.2
pathr66008010000000.2.jpeg,0.06,0.2
pathr66014550000000.2.jpeg,0.06,0.2
pathr66020680000000.2.jpeg,0.06,0.2
pathr66026800000000.2.jpeg,0.06,0.2
pathr66032660000000.2.jpeg,0.06,0.2
pathr66038310000000.15.jpeg,0.06,0.15
pathr6604429000000-0.0.jpeg,0.06,-0.0
pathr6604429000000-0.0.jpeg,0.06,-0.0
pathr6605078000000-0.0.jpeg,0.06,-0.0
pathr6605724000000-0.0.jpeg,0.06,-0.0
pathr6606359000000-0.0.jpeg,0.06,-0.0
pathr6606879000000-0.0.jpeg,0.06,-0.0
pathr6607529000000-0.0.jpeg,0.06,-0.0
pathr66081290000000.05.jpeg,0.06,0.05
pathr66087040000000.1.jpeg,0.06,0.1
pathr66092740000000.05.jpeg,0.06,0.05
pathr6609855000000-0.0.jpeg,0.06,-0.0
pathr6610421000000-0.0.jpeg,0.06,-0.0
pathr6610991000000-0.0.jpeg,0.06,-0.0
pathr6611602000000-0.0.jpeg,0.06,-0.0
pathr6612227000000-0.0.jpeg,0.06,-0.0
pathr6612792000000-0.0.jpeg,0.06,-0.0
pathr66133530000000.1.jpeg,0.06,0.1
pathr66139160000000.1.jpeg,0.06,0.1
pathr66145460000000.1.jpeg,0.06,0.1
pathr66151200000000.1.jpeg,0.06,0.1
pathr66156840000000.1.jpeg,0.06,0.1
pathr66162760000000.1.jpeg,0.06,0.1
pathr66168710000000.1.jpeg,0.06,0.1
pathr66174290000000.1.jpeg,0.06,0.1
pathr66180620000000.1.jpeg,0.06,0.1
pathr66186320000000.1.jpeg,0.06,0.1
pathr66186330000000.1.jpeg,0.06,0.1
pathr66536880000000.0.jpeg,0.05,0.0
pathr66543120000000.0.jpeg,0.055,0.0
pathr66549880000000.0.jpeg,0.06,0.0
pathr66555590000000.0.jpeg,0.06,0.0
pathr66562130000000.0.jpeg,0.06,0.0
pathr66562150000000.0.jpeg,0.06,0.0
pathr66567930000000.05.jpeg,0.06,0.05
pathr66573680000000.0.jpeg,0.06,0.0
pathr66580240000000.0.jpeg,0.06,0.0
pathr66586560000000.0.jpeg,0.06,0.0
pathr66592100000000.0.jpeg,0.06,0.0
pathr66598110000000.0.jpeg,0.06,0.0
pathr66604440000000.0.jpeg,0.06,0.0
pathr66611100000000.1.jpeg,0.06,0.1
pathr66616860000000.0.jpeg,0.06,0.0
pathr66622960000000.0.jpeg,0.06,0.0
pathr66629220000000.0.jpeg,0.06,0.0
pathr66634850000000.0.jpeg,0.06,0.0
pathr66640780000000.0.jpeg,0.06,0.0
pathr66646790000000.0.jpeg,0.06,0.0
pathr66652680000000.0.jpeg,0.06,0.0
pathr66658370000000.0.jpeg,0.06,0.0
pathr66664960000000.0.jpeg,0.06,0.0
pathr66671260000000.0.jpeg,0.06,0.0
pathr66677220000000.0.jpeg,0.06,0.0
pathr66677220000000.0.jpeg,0.06,0.0
pathr66682620000000.0.jpeg,0.06,0.0
pathr66687950000000.0.jpeg,0.06,0.0
pathr66693740000000.0.jpeg,0.06,0.0
pathr66699650000000.0.jpeg,0.06,0.0
pathr66705520000000.0.jpeg,0.06,0.0
pathr66711060000000.0.jpeg,0.06,0.0
pathr66717350000000.05.jpeg,0.06,0.05
pathr66722970000000.1.jpeg,0.06,0.1
pathr66729420000000.1.jpeg,0.06,0.1
pathr66735530000000.1.jpeg,0.06,0.1
pathr66741820000000.1.jpeg,0.06,0.1
pathr66747580000000.1.jpeg,0.06,0.1
pathr66753700000000.1.jpeg,0.06,0.1
pathr66759470000000.1.jpeg,0.06,0.1
pathr66759470000000.1.jpeg,0.06,0.1
pathr66765730000000.1.jpeg,0.06,0.1
pathr66772100000000.1.jpeg,0.06,0.1
pathr66778300000000.1.jpeg,0.06,0.1
pathr66784360000000.1.jpeg,0.06,0.1
pathr66790200000000.1.jpeg,0.06,0.1
pathr66796440000000.2.jpeg,0.06,0.2
pathr66802310000000.2.jpeg,0.06,0.2
pathr66807870000000.2.jpeg,0.06,0.2
pathr66813900000000.2.jpeg,0.06,0.2
pathr66813880000000.2.jpeg,0.06,0.2
pathr66819350000000.05.jpeg,0.06,0.05
pathr66824480000000.0.jpeg,0.06,0.0
pathr66831070000000.1.jpeg,0.06,0.1
pathr66836720000000.1.jpeg,0.06,0.1
pathr66842970000000.1.jpeg,0.06,0.1
pathr66848560000000.1.jpeg,0.06,0.1
pathr66854600000000.1.jpeg,0.06,0.1
pathr66860090000000.1.jpeg,0.06,0.1
pathr66865890000000.1.jpeg,0.06,0.1
pathr66871770000000.1.jpeg,0.06,0.1
pathr66878120000000.1.jpeg,0.06,0.1
pathr66883970000000.1.jpeg,0.06,0.1
pathr66889760000000.1.jpeg,0.06,0.1
pathr66895640000000.1.jpeg,0.06,0.1
pathr66901560000000.1.jpeg,0.06,0.1
pathr66907790000000.1.jpeg,0.06,0.1
pathr66913750000000.1.jpeg,0.06,0.1
pathr66919880000000.1.jpeg,0.06,0.1
pathr66925700000000.1.jpeg,0.06,0.1
pathr66931900000000.1.jpeg,0.06,0.1
pathr66937840000000.2.jpeg,0.06,0.2
pathr66943760000000.2.jpeg,0.06,0.2
pathr66949530000000.2.jpeg,0.06,0.2
pathr66955890000000.2.jpeg,0.06,0.2
pathr66961760000000.2.jpeg,0.06,0.2
pathr66967430000000.2.jpeg,0.06,0.2
pathr66973700000000.0.jpeg,0.06,0.0
pathr66980210000000.0.jpeg,0.06,0.0
pathr66985800000000.1.jpeg,0.06,0.1
pathr66991800000000.1.jpeg,0.06,0.1
pathr66997510000000.1.jpeg,0.06,0.1
pathr67002530000000.1.jpeg,0.06,0.1
pathr67002530000000.1.jpeg,0.06,0.1
pathr67008790000000.1.jpeg,0.06,0.1
pathr67014990000000.1.jpeg,0.06,0.1
pathr67020950000000.1.jpeg,0.06,0.1
pathr67027370000000.1.jpeg,0.06,0.1
pathr67033010000000.1.jpeg,0.06,0.1
pathr67039030000000.1.jpeg,0.06,0.1
pathr67045200000000.1.jpeg,0.06,0.1
pathr67051460000000.1.jpeg,0.06,0.1
pathr67057820000000.2.jpeg,0.06,0.2
pathr67063650000000.1.jpeg,0.06,0.1
pathr67069700000000.0.jpeg,0.06,0.0
pathr67075910000000.0.jpeg,0.06,0.0
pathr6708185000000-0.1.jpeg,0.06,-0.1
pathr6708766000000-0.1.jpeg,0.06,-0.1
pathr6709319000000-0.1.jpeg,0.06,-0.1
pathr6709953000000-0.1.jpeg,0.06,-0.1
pathr6710565000000-0.1.jpeg,0.06,-0.1
pathr6711109000000-0.1.jpeg,0.06,-0.1
pathr6711713000000-0.1.jpeg,0.06,-0.1
pathr6712367000000-0.1.jpeg,0.06,-0.1
pathr6712910000000-0.1.jpeg,0.06,-0.1
pathr6713456000000-0.2.jpeg,0.06,-0.2
pathr6714130000000-0.2.jpeg,0.06,-0.2
pathr6714731000000-0.3.jpeg,0.06,-0.3
pathr6715305000000-0.3.jpeg,0.06,-0.3
pathr6715880000000-0.3.jpeg,0.06,-0.3
pathr6716494000000-0.3.jpeg,0.06,-0.3
pathr6716496000000-0.3.jpeg,0.06,-0.3
pathr6717060000000-0.3.jpeg,0.06,-0.3
pathr6717620000000-0.3.jpeg,0.06,-0.3
pathr6718209000000-0.3.jpeg,0.06,-0.3
pathr6718805000000-0.2.jpeg,0.06,-0.2
pathr6719357000000-0.2.jpeg,0.06,-0.2
pathr6719962000000-0.1.jpeg,0.06,-0.1
pathr6720647000000-0.0.jpeg,0.06,-0.0
pathr6721306000000-0.1.jpeg,0.06,-0.1
pathr6721859000000-0.1.jpeg,0.06,-0.1
pathr6722439000000-0.1.jpeg,0.06,-0.1
pathr6722996000000-0.1.jpeg,0.06,-0.1
pathr6723612000000-0.1.jpeg,0.06,-0.1
pathr6724242000000-0.1.jpeg,0.06,-0.1
pathr6724870000000-0.1.jpeg,0.06,-0.1
pathr6725478000000-0.1.jpeg,0.06,-0.1
pathr6726068000000-0.1.jpeg,0.06,-0.1
pathr6726677000000-0.2.jpeg,0.06,-0.2
pathr6727264000000-0.1.jpeg,0.06,-0.1
pathr6727856000000-0.1.jpeg,0.06,-0.1
pathr6728434000000-0.1.jpeg,0.06,-0.1
pathr6729019000000-0.1.jpeg,0.06,-0.1
pathr6729647000000-0.15.jpeg,0.06,-0.15
pathr6730270000000-0.2.jpeg,0.06,-0.2
pathr6730888000000-0.2.jpeg,0.06,-0.2
pathr6731512000000-0.2.jpeg,0.06,-0.2
pathr6732054000000-0.1.jpeg,0.06,-0.1
pathr6732054000000-0.1.jpeg,0.06,-0.1
pathr6732671000000-0.0.jpeg,0.06,-0.0
pathr6733305000000-0.0.jpeg,0.06,-0.0
pathr6733936000000-0.1.jpeg,0.06,-0.1
pathr6734557000000-0.1.jpeg,0.06,-0.1
pathr6735185000000-0.0.jpeg,0.06,-0.0
pathr6735778000000-0.0.jpeg,0.06,-0.0
pathr6736366000000-0.0.jpeg,0.06,-0.0
pathr6736997000000-0.1.jpeg,0.06,-0.1
pathr6737628000000-0.0.jpeg,0.06,-0.0
pathr6738199000000-0.0.jpeg,0.06,-0.0
pathr6738797000000-0.0.jpeg,0.06,-0.0
pathr6739351000000-0.0.jpeg,0.06,-0.0
pathr6739967000000-0.1.jpeg,0.06,-0.1
pathr6740547000000-0.1.jpeg,0.06,-0.1
pathr6741156000000-0.0.jpeg,0.06,-0.0
pathr6741779000000-0.0.jpeg,0.06,-0.0
pathr6742406000000-0.0.jpeg,0.06,-0.0
pathr6742981000000-0.0.jpeg,0.06,-0.0
pathr6743572000000-0.0.jpeg,0.06,-0.0
pathr6744156000000-0.0.jpeg,0.06,-0.0
pathr67447890000000.1.jpeg,0.06,0.1
pathr67453750000000.1.jpeg,0.06,0.1
pathr67460340000000.1.jpeg,0.06,0.1
pathr67460340000000.1.jpeg,0.06,0.1
pathr67466800000000.1.jpeg,0.06,0.1
pathr67473370000000.1.jpeg,0.06,0.1
pathr67479450000000.1.jpeg,0.06,0.1
pathr67486260000000.1.jpeg,0.06,0.1
pathr67492720000000.1.jpeg,0.06,0.1
pathr67498550000000.1.jpeg,0.06,0.1
pathr67504870000000.1.jpeg,0.06,0.1
pathr67511120000000.2.jpeg,0.06,0.2
pathr67516900000000.2.jpeg,0.06,0.2
pathr67523370000000.2.jpeg,0.06,0.2
pathr67529820000000.2.jpeg,0.06,0.2
pathr67536380000000.2.jpeg,0.06,0.2
pathr67542760000000.2.jpeg,0.06,0.2
pathr67549400000000.05.jpeg,0.06,0.05
pathr6755496000000-0.0.jpeg,0.06,-0.0
pathr6756118000000-0.0.jpeg,0.06,-0.0
pathr6756698000000-0.0.jpeg,0.06,-0.0
pathr6757327000000-0.0.jpeg,0.06,-0.0
pathr6757895000000-0.0.jpeg,0.06,-0.0
pathr6758544000000-0.0.jpeg,0.06,-0.0
pathr6759155000000-0.0.jpeg,0.06,-0.0
pathr6759155000000-0.0.jpeg,0.06,-0.0
pathr67597740000000.1.jpeg,0.06,0.1
pathr6760431000000-0.0.jpeg,0.06,-0.0
pathr6761062000000-0.0.jpeg,0.06,-0.0
pathr6761671000000-0.0.jpeg,0.06,-0.0
pathr6762240000000-0.0.jpeg,0.06,-0.0
pathr6762859000000-0.0.jpeg,0.06,-0.0
pathr6763412000000-0.0.jpeg,0.06,-0.0
pathr6763415000000-0.0.jpeg,0.06,-0.0
pathr67640200000000.05.jpeg,0.06,0.05
pathr67646240000000.1.jpeg,0.06,0.1
pathr67652420000000.1.jpeg,0.06,0.1
pathr67658490000000.1.jpeg,0.06,0.1
pathr67664590000000.1.jpeg,0.06,0.1
pathr67670620000000.1.jpeg,0.06,0.1
pathr67676960000000.1.jpeg,0.06,0.1
pathr67682990000000.1.jpeg,0.06,0.1
pathr67688900000000.1.jpeg,0.06,0.1
pathr67694970000000.1.jpeg,0.06,0.1
pathr67701200000000.1.jpeg,0.06,0.1
pathr67707310000000.1.jpeg,0.06,0.1
pathr67713110000000.1.jpeg,0.06,0.1
pathr67719060000000.1.jpeg,0.06,0.1
pathr69504060000000.0.jpeg,0.06,0.0
pathr69509920000000.0.jpeg,0.06,0.0
pathr6951648000000-0.1.jpeg,0.06,-0.1
pathr6952313000000-0.1.jpeg,0.06,-0.1
pathr6952947000000-0.1.jpeg,0.06,-0.1
pathr6953554000000-0.1.jpeg,0.06,-0.1
pathr69541260000000.0.jpeg,0.06,0.0
pathr69547250000000.0.jpeg,0.06,0.0
pathr69553500000000.0.jpeg,0.06,0.0
pathr69559230000000.0.jpeg,0.06,0.0
pathr69559250000000.0.jpeg,0.06,0.0
pathr69565430000000.0.jpeg,0.06,0.0
pathr69571680000000.0.jpeg,0.06,0.0
pathr69578300000000.0.jpeg,0.06,0.0
pathr69583250000000.0.jpeg,0.06,0.0
pathr69589340000000.0.jpeg,0.06,0.0
pathr69595050000000.0.jpeg,0.06,0.0
pathr69601490000000.0.jpeg,0.06,0.0
pathr69607930000000.0.jpeg,0.06,0.0
pathr69613410000000.0.jpeg,0.06,0.0
pathr69619660000000.0.jpeg,0.06,0.0
pathr69625830000000.0.jpeg,0.06,0.0
pathr69631370000000.0.jpeg,0.06,0.0
pathr69637560000000.1.jpeg,0.06,0.1
pathr69643280000000.0.jpeg,0.06,0.0
pathr69649440000000.0.jpeg,0.06,0.0
pathr69655560000000.05.jpeg,0.06,0.05
pathr69661690000000.1.jpeg,0.06,0.1
pathr69667840000000.1.jpeg,0.06,0.1
pathr69673850000000.1.jpeg,0.06,0.1
pathr69680030000000.1.jpeg,0.06,0.1
pathr69680040000000.1.jpeg,0.06,0.1
pathr69686320000000.1.jpeg,0.06,0.1
pathr69692630000000.1.jpeg,0.06,0.1
pathr69698450000000.1.jpeg,0.06,0.1
pathr69704660000000.1.jpeg,0.06,0.1
pathr69711120000000.1.jpeg,0.06,0.1
pathr69717590000000.1.jpeg,0.06,0.1
pathr69724270000000.2.jpeg,0.06,0.2
pathr69730200000000.2.jpeg,0.06,0.2
pathr69736500000000.2.jpeg,0.06,0.2
pathr69742150000000.2.jpeg,0.06,0.2
pathr69747910000000.2.jpeg,0.06,0.2
pathr69754100000000.2.jpeg,0.06,0.2
pathr69759710000000.1.jpeg,0.06,0.1
pathr69765880000000.0.jpeg,0.06,0.0
pathr69771810000000.0.jpeg,0.06,0.0
pathr69778060000000.0.jpeg,0.06,0.0
pathr69783540000000.1.jpeg,0.06,0.1
pathr69789500000000.1.jpeg,0.06,0.1
pathr69795050000000.1.jpeg,0.06,0.1
pathr69800720000000.1.jpeg,0.06,0.1
pathr69807040000000.1.jpeg,0.06,0.1
pathr69813610000000.1.jpeg,0.06,0.1
pathr69819620000000.1.jpeg,0.06,0.1
pathr69825810000000.1.jpeg,0.06,0.1
pathr69831690000000.1.jpeg,0.06,0.1
pathr69837580000000.1.jpeg,0.06,0.1
pathr69843380000000.1.jpeg,0.06,0.1
pathr69849000000000.1.jpeg,0.06,0.1
pathr69855150000000.15.jpeg,0.06,0.15
pathr69861360000000.2.jpeg,0.06,0.2
pathr69867380000000.2.jpeg,0.06,0.2
pathr69873700000000.2.jpeg,0.06,0.2
pathr69879590000000.2.jpeg,0.06,0.2
pathr69885590000000.2.jpeg,0.06,0.2
pathr69892050000000.2.jpeg,0.06,0.2
pathr69897570000000.0.jpeg,0.06,0.0
pathr69903190000000.0.jpeg,0.06,0.0
pathr69909180000000.1.jpeg,0.06,0.1
pathr69915100000000.1.jpeg,0.06,0.1
pathr69921400000000.1.jpeg,0.06,0.1
pathr69927100000000.1.jpeg,0.06,0.1
pathr69932940000000.1.jpeg,0.06,0.1
pathr69938910000000.1.jpeg,0.06,0.1
pathr69944760000000.1.jpeg,0.06,0.1
pathr69950590000000.1.jpeg,0.06,0.1
pathr69956130000000.1.jpeg,0.06,0.1
pathr69961650000000.1.jpeg,0.06,0.1
pathr69967150000000.1.jpeg,0.06,0.1
pathr69972730000000.1.jpeg,0.06,0.1
pathr69978950000000.1.jpeg,0.06,0.1
pathr69984690000000.1.jpeg,0.06,0.1
pathr69990040000000.1.jpeg,0.06,0.1
pathr69996480000000.1.jpeg,0.06,0.1
pathr70001800000000.0.jpeg,0.06,0.0
pathr7000688000000-0.1.jpeg,0.06,-0.1
pathr7001298000000-0.1.jpeg,0.06,-0.1
pathr7001900000000-0.1.jpeg,0.06,-0.1
pathr7001900000000-0.1.jpeg,0.06,-0.1
pathr7002474000000-0.1.jpeg,0.06,-0.1
pathr7003044000000-0.15.jpeg,0.06,-0.15
pathr7003589000000-0.2.jpeg,0.06,-0.2
pathr7004200000000-0.15.jpeg,0.06,-0.15
pathr7004805000000-0.1.jpeg,0.06,-0.1
pathr7005389000000-0.1.jpeg,0.06,-0.1
pathr7005989000000-0.2.jpeg,0.06,-0.2
pathr7006520000000-0.1.jpeg,0.06,-0.1
pathr7007152000000-0.1.jpeg,0.06,-0.1
pathr7007749000000-0.2.jpeg,0.06,-0.2
pathr7008332000000-0.2.jpeg,0.06,-0.2
pathr7008915000000-0.2.jpeg,0.06,-0.2
pathr7009547000000-0.4.jpeg,0.06,-0.4
pathr7010156000000-0.3.jpeg,0.06,-0.3
pathr7010715000000-0.3.jpeg,0.06,-0.3
pathr7011327000000-0.3.jpeg,0.06,-0.3
pathr7011924000000-0.3.jpeg,0.06,-0.3
pathr7012530000000-0.25.jpeg,0.06,-0.25
pathr7013147000000-0.0.jpeg,0.06,-0.0
pathr7013761000000-0.0.jpeg,0.06,-0.0
pathr7014356000000-0.0.jpeg,0.06,-0.0
pathr7014955000000-0.1.jpeg,0.06,-0.1
pathr7015604000000-0.1.jpeg,0.06,-0.1
pathr7016180000000-0.1.jpeg,0.06,-0.1
pathr7016790000000-0.1.jpeg,0.06,-0.1
pathr7017381000000-0.1.jpeg,0.06,-0.1
pathr7018036000000-0.1.jpeg,0.06,-0.1
pathr7018684000000-0.1.jpeg,0.06,-0.1
pathr7019214000000-0.1.jpeg,0.06,-0.1
pathr7019823000000-0.1.jpeg,0.06,-0.1
pathr7020421000000-0.2.jpeg,0.06,-0.2
pathr7021033000000-0.2.jpeg,0.06,-0.2
pathr7021667000000-0.2.jpeg,0.06,-0.2
pathr7022241000000-0.2.jpeg,0.06,-0.2
pathr7022806000000-0.2.jpeg,0.06,-0.2
pathr7023369000000-0.2.jpeg,0.06,-0.2
pathr7023959000000-0.1.jpeg,0.06,-0.1
pathr7024616000000-0.0.jpeg,0.06,-0.0
pathr7025217000000-0.1.jpeg,0.06,-0.1
pathr7025799000000-0.1.jpeg,0.06,-0.1
pathr7026409000000-0.1.jpeg,0.06,-0.1
pathr7027091000000-0.0.jpeg,0.06,-0.0
pathr7027670000000-0.0.jpeg,0.06,-0.0
pathr7028253000000-0.0.jpeg,0.06,-0.0
pathr7028851000000-0.0.jpeg,0.06,-0.0
pathr7029436000000-0.0.jpeg,0.06,-0.0
pathr7030006000000-0.0.jpeg,0.06,-0.0
pathr7030615000000-0.0.jpeg,0.06,-0.0
pathr7031168000000-0.0.jpeg,0.06,-0.0
pathr7031796000000-0.1.jpeg,0.06,-0.1
pathr7032430000000-0.0.jpeg,0.06,-0.0
pathr7033010000000-0.0.jpeg,0.06,-0.0
pathr7033595000000-0.0.jpeg,0.06,-0.0
pathr7034193000000-0.0.jpeg,0.06,-0.0
pathr7034780000000-0.0.jpeg,0.06,-0.0
pathr7035376000000-0.0.jpeg,0.06,-0.0
pathr7035961000000-0.0.jpeg,0.06,-0.0
pathr70365700000000.1.jpeg,0.06,0.1
pathr70371860000000.1.jpeg,0.06,0.1
pathr70377980000000.1.jpeg,0.06,0.1
pathr70383710000000.1.jpeg,0.06,0.1
pathr70389980000000.1.jpeg,0.06,0.1
pathr70395630000000.1.jpeg,0.06,0.1
pathr70401540000000.1.jpeg,0.06,0.1
pathr70408080000000.1.jpeg,0.06,0.1
pathr70414320000000.1.jpeg,0.06,0.1
pathr70420680000000.2.jpeg,0.06,0.2
pathr70426910000000.2.jpeg,0.06,0.2
pathr70432780000000.2.jpeg,0.06,0.2
pathr70439470000000.2.jpeg,0.06,0.2
pathr70445900000000.2.jpeg,0.06,0.2
pathr70451400000000.2.jpeg,0.06,0.2
pathr70457770000000.1.jpeg,0.06,0.1
pathr7046450000000-0.0.jpeg,0.06,-0.0
pathr7047045000000-0.0.jpeg,0.06,-0.0
pathr71223830000000.0.jpeg,0.03,0.0
pathr71229920000000.0.jpeg,0.05,0.0
pathr71236230000000.0.jpeg,0.06,0.0
pathr71242290000000.0.jpeg,0.06,0.0
pathr71248650000000.1.jpeg,0.06,0.1
pathr71254510000000.1.jpeg,0.06,0.1
pathr71259980000000.1.jpeg,0.06,0.1
pathr71265250000000.1.jpeg,0.06,0.1
pathr7127107000000-0.05.jpeg,0.06,-0.05
pathr71276800000000.0.jpeg,0.06,0.0
pathr71282580000000.0.jpeg,0.06,0.0
pathr71288210000000.0.jpeg,0.06,0.0
pathr71293950000000.0.jpeg,0.06,0.0
pathr71300430000000.1.jpeg,0.06,0.1
pathr71306140000000.05.jpeg,0.06,0.05
pathr71311870000000.0.jpeg,0.06,0.0
pathr71317970000000.0.jpeg,0.06,0.0
pathr71324150000000.0.jpeg,0.06,0.0
pathr71330720000000.0.jpeg,0.06,0.0
pathr71337110000000.0.jpeg,0.06,0.0
pathr71343340000000.0.jpeg,0.06,0.0
pathr71343410000000.0.jpeg,0.06,0.0
pathr71349720000000.0.jpeg,0.06,0.0
pathr71355810000000.0.jpeg,0.06,0.0
pathr71361770000000.0.jpeg,0.06,0.0
pathr71361810000000.0.jpeg,0.06,0.0
pathr71367310000000.0.jpeg,0.06,0.0
pathr71373240000000.0.jpeg,0.06,0.0
pathr71379320000000.0.jpeg,0.06,0.0
pathr71385440000000.0.jpeg,0.06,0.0
pathr71391500000000.0.jpeg,0.06,0.0
pathr71396910000000.0.jpeg,0.06,0.0
pathr71402740000000.0.jpeg,0.06,0.0
pathr71408750000000.0.jpeg,0.06,0.0
pathr71414790000000.0.jpeg,0.06,0.0
pathr71421340000000.0.jpeg,0.06,0.0
pathr71427500000000.0.jpeg,0.06,0.0
pathr71433600000000.0.jpeg,0.06,0.0
pathr71433600000000.0.jpeg,0.06,0.0
pathr71439630000000.0.jpeg,0.06,0.0
pathr71445830000000.0.jpeg,0.06,0.0
pathr71452010000000.0.jpeg,0.06,0.0
pathr71457360000000.1.jpeg,0.06,0.1
pathr71463490000000.1.jpeg,0.06,0.1
pathr71469920000000.2.jpeg,0.06,0.2
pathr71476480000000.2.jpeg,0.06,0.2
pathr71482500000000.1.jpeg,0.06,0.1
pathr71489220000000.1.jpeg,0.06,0.1
pathr71495250000000.1.jpeg,0.06,0.1
pathr71500720000000.2.jpeg,0.06,0.2
pathr71507260000000.2.jpeg,0.06,0.2
pathr71513740000000.2.jpeg,0.06,0.2
pathr71519910000000.2.jpeg,0.06,0.2
pathr71525490000000.2.jpeg,0.06,0.2
pathr71531920000000.1.jpeg,0.06,0.1
pathr71537930000000.1.jpeg,0.06,0.1
pathr71543590000000.1.jpeg,0.06,0.1
pathr71549470000000.1.jpeg,0.06,0.1
pathr71556030000000.1.jpeg,0.06,0.1
pathr71561690000000.1.jpeg,0.06,0.1
pathr71561690000000.1.jpeg,0.06,0.1
pathr71567990000000.1.jpeg,0.06,0.1
pathr71573540000000.1.jpeg,0.06,0.1
pathr71579160000000.0.jpeg,0.06,0.0
pathr71584800000000.0.jpeg,0.06,0.0
pathr71591130000000.1.jpeg,0.06,0.1
pathr71597660000000.1.jpeg,0.06,0.1
pathr71603780000000.1.jpeg,0.06,0.1
pathr71609570000000.1.jpeg,0.06,0.1
pathr71615760000000.1.jpeg,0.06,0.1
pathr71621860000000.1.jpeg,0.06,0.1
pathr71628130000000.15.jpeg,0.06,0.15
pathr71634680000000.2.jpeg,0.06,0.2
pathr71640330000000.1.jpeg,0.06,0.1
pathr71646420000000.2.jpeg,0.06,0.2
pathr71652610000000.2.jpeg,0.06,0.2
pathr71658350000000.2.jpeg,0.06,0.2
pathr71664270000000.2.jpeg,0.06,0.2
pathr71669830000000.2.jpeg,0.06,0.2
pathr71675150000000.1.jpeg,0.06,0.1
pathr71681590000000.0.jpeg,0.06,0.0
pathr71687170000000.0.jpeg,0.06,0.0
pathr71692560000000.1.jpeg,0.06,0.1
pathr71698690000000.1.jpeg,0.06,0.1
pathr71704690000000.1.jpeg,0.06,0.1
pathr71710270000000.1.jpeg,0.06,0.1
pathr71716700000000.1.jpeg,0.06,0.1
pathr71722970000000.1.jpeg,0.06,0.1
pathr71722910000000.1.jpeg,0.06,0.1
pathr71728910000000.1.jpeg,0.06,0.1
pathr71735070000000.1.jpeg,0.06,0.1
pathr71741160000000.1.jpeg,0.06,0.1
pathr71746900000000.1.jpeg,0.06,0.1
pathr71752940000000.1.jpeg,0.06,0.1
pathr71758530000000.1.jpeg,0.06,0.1
pathr71764330000000.1.jpeg,0.06,0.1
pathr71769960000000.2.jpeg,0.06,0.2
pathr71775240000000.2.jpeg,0.06,0.2
pathr71781360000000.1.jpeg,0.06,0.1
pathr71787270000000.0.jpeg,0.06,0.0
pathr71787270000000.0.jpeg,0.06,0.0
pathr71792890000000.0.jpeg,0.06,0.0
pathr7179909000000-0.05.jpeg,0.06,-0.05
pathr7180522000000-0.1.jpeg,0.06,-0.1
pathr7181102000000-0.1.jpeg,0.06,-0.1
pathr7181704000000-0.1.jpeg,0.06,-0.1
pathr7182332000000-0.1.jpeg,0.06,-0.1
pathr7182920000000-0.1.jpeg,0.06,-0.1
pathr7183504000000-0.1.jpeg,0.06,-0.1
pathr7184089000000-0.2.jpeg,0.06,-0.2
pathr7184658000000-0.2.jpeg,0.06,-0.2
pathr7185282000000-0.2.jpeg,0.06,-0.2
pathr7185909000000-0.25.jpeg,0.06,-0.25
pathr7186453000000-0.3.jpeg,0.06,-0.3
pathr7187093000000-0.3.jpeg,0.06,-0.3
pathr7187743000000-0.3.jpeg,0.06,-0.3
pathr7188262000000-0.25.jpeg,0.06,-0.25
pathr7188771000000-0.2.jpeg,0.06,-0.2
pathr7189329000000-0.2.jpeg,0.06,-0.2
pathr7189939000000-0.2.jpeg,0.06,-0.2
pathr7190530000000-0.2.jpeg,0.06,-0.2
pathr7191063000000-0.2.jpeg,0.06,-0.2
pathr7191634000000-0.2.jpeg,0.06,-0.2
pathr7192256000000-0.1.jpeg,0.06,-0.1
pathr7192864000000-0.1.jpeg,0.06,-0.1
pathr7193409000000-0.0.jpeg,0.06,-0.0
pathr7194001000000-0.0.jpeg,0.06,-0.0
pathr7194663000000-0.1.jpeg,0.06,-0.1
pathr7195261000000-0.1.jpeg,0.06,-0.1
pathr7195862000000-0.1.jpeg,0.06,-0.1
pathr7196432000000-0.1.jpeg,0.06,-0.1
pathr7197022000000-0.1.jpeg,0.06,-0.1
pathr7197641000000-0.1.jpeg,0.06,-0.1
pathr7198233000000-0.1.jpeg,0.06,-0.1
pathr7198803000000-0.1.jpeg,0.06,-0.1
pathr7199388000000-0.1.jpeg,0.06,-0.1
pathr7199959000000-0.1.jpeg,0.06,-0.1
pathr7200500000000-0.1.jpeg,0.06,-0.1
pathr7200505000000-0.1.jpeg,0.06,-0.1
pathr7201096000000-0.1.jpeg,0.06,-0.1
pathr7201682000000-0.15.jpeg,0.06,-0.15
pathr7202292000000-0.2.jpeg,0.06,-0.2
pathr7202881000000-0.2.jpeg,0.06,-0.2
pathr7203493000000-0.2.jpeg,0.06,-0.2
pathr7204148000000-0.1.jpeg,0.06,-0.1
pathr7204766000000-0.1.jpeg,0.06,-0.1
pathr7205387000000-0.1.jpeg,0.06,-0.1
pathr7205988000000-0.0.jpeg,0.06,-0.0
pathr7206584000000-0.05.jpeg,0.06,-0.05
pathr7207214000000-0.1.jpeg,0.06,-0.1
pathr7207800000000-0.1.jpeg,0.06,-0.1
pathr7208409000000-0.0.jpeg,0.06,-0.0
pathr7209046000000-0.0.jpeg,0.06,-0.0
pathr7209598000000-0.0.jpeg,0.06,-0.0
pathr7210161000000-0.0.jpeg,0.06,-0.0
pathr7210853000000-0.0.jpeg,0.06,-0.0
pathr7211481000000-0.0.jpeg,0.06,-0.0
pathr7212060000000-0.0.jpeg,0.06,-0.0
pathr7212690000000-0.0.jpeg,0.06,-0.0
pathr7213311000000-0.0.jpeg,0.06,-0.0
pathr7213977000000-0.0.jpeg,0.06,-0.0
pathr7214608000000-0.0.jpeg,0.06,-0.0
pathr7215209000000-0.0.jpeg,0.06,-0.0
pathr7215808000000-0.0.jpeg,0.06,-0.0
pathr7216405000000-0.0.jpeg,0.06,-0.0
pathr7217004000000-0.0.jpeg,0.06,-0.0
pathr72175970000000.1.jpeg,0.06,0.1
pathr72181940000000.1.jpeg,0.06,0.1
pathr72188630000000.1.jpeg,0.06,0.1
pathr72195180000000.1.jpeg,0.06,0.1
pathr72201290000000.1.jpeg,0.06,0.1
pathr72207510000000.1.jpeg,0.06,0.1
pathr72213710000000.2.jpeg,0.06,0.2
pathr72219970000000.1.jpeg,0.06,0.1
pathr72226790000000.1.jpeg,0.06,0.1
pathr72232910000000.2.jpeg,0.06,0.2
pathr72232910000000.2.jpeg,0.06,0.2
pathr72238610000000.2.jpeg,0.06,0.2
pathr72244630000000.2.jpeg,0.06,0.2
pathr72250800000000.2.jpeg,0.06,0.2
pathr72256900000000.1.jpeg,0.06,0.1
pathr72263330000000.1.jpeg,0.06,0.1
pathr72269150000000.1.jpeg,0.06,0.1
pathr7227583000000-0.0.jpeg,0.06,-0.0
pathr7228241000000-0.0.jpeg,0.06,-0.0
pathr72288230000000.1.jpeg,0.06,0.1
pathr72294540000000.1.jpeg,0.06,0.1
pathr7230121000000-0.0.jpeg,0.06,-0.0
pathr7230690000000-0.0.jpeg,0.06,-0.0
pathr7231340000000-0.0.jpeg,0.06,-0.0
pathr7231937000000-0.0.jpeg,0.06,-0.0
pathr7232453000000-0.0.jpeg,0.06,-0.0
pathr72606740000000.0.jpeg,0.05,0.0
pathr72612680000000.0.jpeg,0.05,0.0
pathr72618800000000.1.jpeg,0.05,0.1
pathr72625050000000.0.jpeg,0.05,0.0
pathr72630900000000.0.jpeg,0.05,0.0
pathr72636710000000.1.jpeg,0.05,0.1
pathr72642680000000.1.jpeg,0.05,0.1
pathr72648990000000.1.jpeg,0.05,0.1
pathr72655150000000.0.jpeg,0.05,0.0
pathr72661340000000.0.jpeg,0.05,0.0
pathr72667550000000.0.jpeg,0.05,0.0
pathr72674310000000.0.jpeg,0.05,0.0
pathr72674310000000.0.jpeg,0.05,0.0
pathr7268087000000-0.1.jpeg,0.05,-0.1
pathr7268658000000-0.1.jpeg,0.05,-0.1
pathr72692060000000.0.jpeg,0.05,0.0
pathr7269864000000-0.1.jpeg,0.05,-0.1
pathr7270441000000-0.1.jpeg,0.05,-0.1
pathr72710410000000.0.jpeg,0.05,0.0
pathr72716790000000.0.jpeg,0.05,0.0
pathr72722820000000.0.jpeg,0.05,0.0
pathr72728570000000.0.jpeg,0.05,0.0
pathr72734570000000.0.jpeg,0.05,0.0
pathr72741020000000.0.jpeg,0.05,0.0
pathr72747150000000.0.jpeg,0.05,0.0
pathr72752810000000.0.jpeg,0.05,0.0
pathr72758850000000.0.jpeg,0.05,0.0
pathr72764710000000.0.jpeg,0.05,0.0
pathr72770590000000.0.jpeg,0.05,0.0
pathr72776020000000.0.jpeg,0.05,0.0
pathr72781850000000.0.jpeg,0.05,0.0
pathr72787760000000.0.jpeg,0.05,0.0
pathr72793830000000.0.jpeg,0.05,0.0
pathr72799780000000.0.jpeg,0.05,0.0
pathr72805340000000.0.jpeg,0.05,0.0
pathr72810700000000.0.jpeg,0.05,0.0
pathr72816720000000.0.jpeg,0.05,0.0
pathr72822520000000.0.jpeg,0.05,0.0
pathr72828540000000.0.jpeg,0.05,0.0
pathr72834260000000.0.jpeg,0.05,0.0
pathr72840680000000.0.jpeg,0.05,0.0
pathr72846240000000.1.jpeg,0.05,0.1
pathr72852320000000.1.jpeg,0.05,0.1
pathr72857890000000.1.jpeg,0.05,0.1
pathr72863630000000.1.jpeg,0.05,0.1
pathr72869960000000.1.jpeg,0.05,0.1
pathr72875890000000.1.jpeg,0.06,0.1
pathr72881990000000.1.jpeg,0.06,0.1
pathr72887200000000.1.jpeg,0.06,0.1
pathr72892930000000.1.jpeg,0.06,0.1
pathr72898900000000.1.jpeg,0.06,0.1
pathr72904400000000.1.jpeg,0.06,0.1
pathr72910090000000.1.jpeg,0.06,0.1
pathr72916460000000.2.jpeg,0.06,0.2
pathr72922720000000.2.jpeg,0.06,0.2
pathr72928760000000.2.jpeg,0.06,0.2
pathr72934730000000.2.jpeg,0.06,0.2
pathr72940710000000.2.jpeg,0.06,0.2
pathr72946530000000.2.jpeg,0.06,0.2
pathr72953060000000.0.jpeg,0.06,0.0
pathr72959050000000.0.jpeg,0.06,0.0
pathr72965060000000.1.jpeg,0.06,0.1
pathr72970990000000.1.jpeg,0.06,0.1
pathr72977250000000.1.jpeg,0.06,0.1
pathr72982870000000.1.jpeg,0.06,0.1
pathr72988740000000.1.jpeg,0.06,0.1
pathr72994910000000.1.jpeg,0.06,0.1
pathr73001160000000.1.jpeg,0.06,0.1
pathr73007460000000.1.jpeg,0.06,0.1
pathr73013480000000.1.jpeg,0.06,0.1
pathr73019750000000.1.jpeg,0.06,0.1
pathr73026080000000.1.jpeg,0.06,0.1
pathr73032200000000.1.jpeg,0.06,0.1
pathr73038240000000.1.jpeg,0.06,0.1
pathr73044080000000.2.jpeg,0.06,0.2
pathr73050140000000.2.jpeg,0.06,0.2
pathr73056140000000.2.jpeg,0.06,0.2
pathr73061890000000.2.jpeg,0.06,0.2
pathr73068060000000.2.jpeg,0.06,0.2
pathr73074380000000.2.jpeg,0.06,0.2
pathr73080370000000.1.jpeg,0.06,0.1
pathr73085630000000.0.jpeg,0.06,0.0
pathr73091430000000.1.jpeg,0.06,0.1
pathr73097090000000.1.jpeg,0.06,0.1
pathr73102870000000.1.jpeg,0.06,0.1
pathr73108840000000.1.jpeg,0.06,0.1
pathr73114960000000.1.jpeg,0.06,0.1
pathr73121130000000.1.jpeg,0.06,0.1
pathr73127700000000.1.jpeg,0.06,0.1
pathr73133410000000.1.jpeg,0.06,0.1
pathr73138820000000.1.jpeg,0.06,0.1
pathr73144420000000.1.jpeg,0.06,0.1
pathr73150270000000.1.jpeg,0.06,0.1
pathr73156880000000.15.jpeg,0.06,0.15
pathr73156880000000.15.jpeg,0.06,0.15
pathr73162520000000.1.jpeg,0.06,0.1
pathr73168480000000.1.jpeg,0.06,0.1
pathr73174980000000.1.jpeg,0.06,0.1
pathr73181020000000.1.jpeg,0.06,0.1
pathr73187190000000.0.jpeg,0.06,0.0
pathr73193620000000.0.jpeg,0.06,0.0
pathr73199730000000.0.jpeg,0.06,0.0
pathr7320587000000-0.1.jpeg,0.06,-0.1
pathr7321119000000-0.1.jpeg,0.06,-0.1
pathr7321708000000-0.1.jpeg,0.06,-0.1
pathr7322242000000-0.2.jpeg,0.06,-0.2
pathr7322895000000-0.2.jpeg,0.06,-0.2
pathr7323526000000-0.1.jpeg,0.06,-0.1
pathr7324110000000-0.1.jpeg,0.06,-0.1
pathr7324110000000-0.1.jpeg,0.06,-0.1
pathr7324715000000-0.1.jpeg,0.06,-0.1
pathr7325277000000-0.2.jpeg,0.06,-0.2
pathr7325783000000-0.2.jpeg,0.06,-0.2
pathr7326416000000-0.2.jpeg,0.06,-0.2
pathr7327008000000-0.3.jpeg,0.06,-0.3
pathr7327613000000-0.3.jpeg,0.06,-0.3
pathr7328184000000-0.3.jpeg,0.06,-0.3
pathr7328815000000-0.3.jpeg,0.06,-0.3
pathr7329416000000-0.2.jpeg,0.06,-0.2
pathr7330046000000-0.2.jpeg,0.06,-0.2
pathr7330046000000-0.2.jpeg,0.06,-0.2
pathr7330608000000-0.2.jpeg,0.06,-0.2
pathr7330608000000-0.2.jpeg,0.06,-0.2
pathr7331245000000-0.1.jpeg,0.06,-0.1
pathr7331893000000-0.1.jpeg,0.06,-0.1
pathr7332440000000-0.1.jpeg,0.06,-0.1
pathr7333005000000-0.1.jpeg,0.06,-0.1
pathr7333604000000-0.1.jpeg,0.06,-0.1
pathr7334196000000-0.1.jpeg,0.06,-0.1
pathr7334789000000-0.1.jpeg,0.06,-0.1
pathr7335378000000-0.1.jpeg,0.06,-0.1
pathr7335965000000-0.1.jpeg,0.06,-0.1
pathr7336512000000-0.1.jpeg,0.06,-0.1
pathr7337131000000-0.1.jpeg,0.06,-0.1
pathr7337740000000-0.15.jpeg,0.06,-0.15
pathr7338350000000-0.2.jpeg,0.06,-0.2
pathr7338974000000-0.2.jpeg,0.06,-0.2
pathr7339594000000-0.2.jpeg,0.06,-0.2
pathr7340237000000-0.1.jpeg,0.06,-0.1
pathr7340839000000-0.1.jpeg,0.06,-0.1
pathr7341422000000-0.1.jpeg,0.06,-0.1
pathr7342049000000-0.1.jpeg,0.06,-0.1
pathr7342654000000-0.1.jpeg,0.06,-0.1
pathr7343287000000-0.1.jpeg,0.06,-0.1
pathr7343874000000-0.1.jpeg,0.06,-0.1
pathr7344480000000-0.1.jpeg,0.06,-0.1
pathr7345088000000-0.1.jpeg,0.06,-0.1
pathr7345657000000-0.1.jpeg,0.06,-0.1
pathr7346298000000-0.1.jpeg,0.06,-0.1
pathr7346902000000-0.1.jpeg,0.06,-0.1
pathr7346900000000-0.1.jpeg,0.06,-0.1
pathr7347488000000-0.0.jpeg,0.06,-0.0
pathr7348117000000-0.1.jpeg,0.06,-0.1
pathr7348691000000-0.1.jpeg,0.06,-0.1
pathr7349289000000-0.0.jpeg,0.06,-0.0
pathr7349845000000-0.0.jpeg,0.06,-0.0
pathr7350462000000-0.0.jpeg,0.06,-0.0
pathr7351010000000-0.0.jpeg,0.06,-0.0
pathr7351629000000-0.0.jpeg,0.06,-0.0
pathr7352253000000-0.0.jpeg,0.06,-0.0
pathr7352873000000-0.0.jpeg,0.06,-0.0
pathr7352874000000-0.0.jpeg,0.06,-0.0
pathr7353439000000-0.0.jpeg,0.06,-0.0
pathr7354013000000-0.1.jpeg,0.06,-0.1
pathr7354613000000-0.0.jpeg,0.06,-0.0
pathr7355220000000-0.0.jpeg,0.06,-0.0
pathr7355813000000-0.0.jpeg,0.06,-0.0
pathr7356361000000-0.0.jpeg,0.06,-0.0
pathr73569510000000.1.jpeg,0.06,0.1
pathr73575010000000.1.jpeg,0.06,0.1
pathr73581180000000.1.jpeg,0.06,0.1
pathr73587310000000.1.jpeg,0.06,0.1
pathr73593340000000.1.jpeg,0.06,0.1
pathr73599180000000.1.jpeg,0.06,0.1
pathr73604920000000.1.jpeg,0.06,0.1
pathr73611120000000.1.jpeg,0.06,0.1
pathr73617210000000.1.jpeg,0.06,0.1
pathr73622830000000.1.jpeg,0.06,0.1
pathr73628730000000.2.jpeg,0.06,0.2
pathr73634900000000.2.jpeg,0.06,0.2
pathr73641010000000.2.jpeg,0.06,0.2
pathr73647030000000.2.jpeg,0.06,0.2
pathr73653000000000.2.jpeg,0.06,0.2
pathr73653000000000.2.jpeg,0.06,0.2
pathr73659170000000.2.jpeg,0.06,0.2
pathr73665460000000.1.jpeg,0.06,0.1
pathr73672140000000.05.jpeg,0.06,0.05
pathr7367814000000-0.0.jpeg,0.06,-0.0
pathr73684610000000.1.jpeg,0.06,0.1
pathr73690690000000.1.jpeg,0.06,0.1
pathr73696320000000.1.jpeg,0.06,0.1
pathr7370262000000-0.0.jpeg,0.06,-0.0
pathr7370904000000-0.0.jpeg,0.06,-0.0
pathr7371458000000-0.0.jpeg,0.06,-0.0
pathr7372030000000-0.0.jpeg,0.06,-0.0
pathr7372699000000-0.0.jpeg,0.06,-0.0
pathr7373242000000-0.0.jpeg,0.06,-0.0
pathr7373811000000-0.0.jpeg,0.06,-0.0
pathr7374368000000-0.0.jpeg,0.06,-0.0
pathr7374908000000-0.0.jpeg,0.06,-0.0
pathr7375462000000-0.0.jpeg,0.06,-0.0
pathr74010260000000.0.jpeg,0.06,0.0
pathr74015890000000.0.jpeg,0.06,0.0
pathr74021980000000.0.jpeg,0.06,0.0
pathr74021970000000.0.jpeg,0.06,0.0
pathr74027270000000.0.jpeg,0.06,0.0
pathr74033390000000.1.jpeg,0.06,0.1
pathr74039650000000.1.jpeg,0.06,0.1
pathr74045940000000.0.jpeg,0.06,0.0
pathr74051800000000.0.jpeg,0.06,0.0
pathr74058130000000.0.jpeg,0.06,0.0
pathr74064520000000.0.jpeg,0.06,0.0
pathr74070400000000.0.jpeg,0.06,0.0
pathr74076260000000.0.jpeg,0.06,0.0
pathr74082050000000.0.jpeg,0.06,0.0
pathr74088060000000.0.jpeg,0.06,0.0
pathr74093800000000.0.jpeg,0.06,0.0
pathr74099680000000.0.jpeg,0.06,0.0
pathr74105540000000.0.jpeg,0.06,0.0
pathr74111770000000.0.jpeg,0.06,0.0
pathr74118150000000.0.jpeg,0.06,0.0
pathr74124100000000.0.jpeg,0.06,0.0
pathr74129530000000.0.jpeg,0.06,0.0
pathr74135380000000.0.jpeg,0.06,0.0
pathr7414120000000-0.05.jpeg,0.06,-0.05
pathr74147250000000.0.jpeg,0.06,0.0
pathr74153300000000.0.jpeg,0.06,0.0
pathr7415972000000-0.1.jpeg,0.06,-0.1
pathr74165690000000.0.jpeg,0.06,0.0
pathr74171630000000.0.jpeg,0.06,0.0
pathr74178300000000.0.jpeg,0.06,0.0
pathr74183580000000.0.jpeg,0.06,0.0
pathr74189730000000.0.jpeg,0.06,0.0
pathr74195620000000.05.jpeg,0.06,0.05
pathr74201560000000.1.jpeg,0.06,0.1
pathr74201570000000.1.jpeg,0.06,0.1
pathr74207850000000.1.jpeg,0.06,0.1
pathr74214030000000.1.jpeg,0.06,0.1
pathr74219980000000.1.jpeg,0.06,0.1
pathr74226190000000.1.jpeg,0.06,0.1
pathr74231500000000.1.jpeg,0.06,0.1
pathr74238030000000.1.jpeg,0.06,0.1
pathr74244130000000.1.jpeg,0.06,0.1
pathr74249910000000.1.jpeg,0.06,0.1
pathr74255790000000.1.jpeg,0.06,0.1
pathr74262400000000.15.jpeg,0.06,0.15
pathr74268610000000.2.jpeg,0.06,0.2
pathr74274960000000.2.jpeg,0.06,0.2
pathr74281090000000.2.jpeg,0.06,0.2
pathr74287620000000.2.jpeg,0.06,0.2
pathr74293780000000.2.jpeg,0.06,0.2
pathr74293780000000.2.jpeg,0.06,0.2
pathr74300140000000.1.jpeg,0.06,0.1
pathr74306460000000.0.jpeg,0.06,0.0
pathr74312310000000.1.jpeg,0.06,0.1
pathr74318300000000.1.jpeg,0.06,0.1
pathr74325120000000.1.jpeg,0.06,0.1
pathr74331320000000.1.jpeg,0.06,0.1
pathr74337150000000.0.jpeg,0.06,0.0
pathr74343050000000.1.jpeg,0.06,0.1
pathr74348820000000.1.jpeg,0.06,0.1
pathr74348960000000.1.jpeg,0.06,0.1
pathr74355220000000.1.jpeg,0.06,0.1
pathr74360850000000.1.jpeg,0.06,0.1
pathr74366750000000.1.jpeg,0.06,0.1
pathr74372610000000.1.jpeg,0.06,0.1
pathr74378760000000.1.jpeg,0.06,0.1
pathr74384120000000.1.jpeg,0.06,0.1
pathr74389960000000.1.jpeg,0.06,0.1
pathr74396630000000.2.jpeg,0.06,0.2
pathr74402050000000.2.jpeg,0.06,0.2
pathr74407320000000.2.jpeg,0.06,0.2
pathr74413890000000.2.jpeg,0.06,0.2
pathr74419030000000.2.jpeg,0.06,0.2
pathr74424860000000.2.jpeg,0.06,0.2
pathr74431070000000.2.jpeg,0.06,0.2
pathr74437140000000.1.jpeg,0.06,0.1
pathr74442990000000.0.jpeg,0.06,0.0
pathr74448540000000.0.jpeg,0.06,0.0
pathr74454530000000.0.jpeg,0.06,0.0
pathr74460210000000.1.jpeg,0.06,0.1
pathr74466360000000.1.jpeg,0.06,0.1
pathr74472730000000.1.jpeg,0.06,0.1
pathr74478780000000.1.jpeg,0.06,0.1
pathr74484800000000.1.jpeg,0.06,0.1
pathr74490390000000.1.jpeg,0.06,0.1
pathr74495990000000.1.jpeg,0.06,0.1
pathr74502230000000.1.jpeg,0.06,0.1
pathr74508030000000.1.jpeg,0.06,0.1
pathr74513740000000.1.jpeg,0.06,0.1
pathr74519420000000.1.jpeg,0.06,0.1
pathr74525650000000.1.jpeg,0.06,0.1
pathr74532660000000.2.jpeg,0.06,0.2
pathr74538670000000.2.jpeg,0.06,0.2
pathr74544940000000.1.jpeg,0.06,0.1
pathr74551350000000.0.jpeg,0.06,0.0
pathr74558000000000.0.jpeg,0.06,0.0
pathr7456377000000-0.1.jpeg,0.06,-0.1
pathr7457035000000-0.1.jpeg,0.06,-0.1
pathr7457648000000-0.1.jpeg,0.06,-0.1
pathr7458222000000-0.1.jpeg,0.06,-0.1
pathr7458840000000-0.1.jpeg,0.06,-0.1
pathr7459441000000-0.2.jpeg,0.06,-0.2
pathr7460015000000-0.2.jpeg,0.06,-0.2
pathr7460626000000-0.1.jpeg,0.06,-0.1
pathr7461219000000-0.1.jpeg,0.06,-0.1
pathr7461725000000-0.2.jpeg,0.06,-0.2
pathr7462331000000-0.2.jpeg,0.06,-0.2
pathr7462956000000-0.3.jpeg,0.06,-0.3
pathr7463512000000-0.3.jpeg,0.06,-0.3
pathr7464073000000-0.3.jpeg,0.06,-0.3
pathr7464660000000-0.3.jpeg,0.06,-0.3
pathr7465261000000-0.3.jpeg,0.06,-0.3
pathr7465829000000-0.3.jpeg,0.06,-0.3
pathr7466451000000-0.2.jpeg,0.06,-0.2
pathr7467071000000-0.1.jpeg,0.06,-0.1
pathr7467675000000-0.2.jpeg,0.06,-0.2
pathr7468257000000-0.1.jpeg,0.06,-0.1
pathr7468876000000-0.1.jpeg,0.06,-0.1
pathr7469458000000-0.0.jpeg,0.06,-0.0
pathr7470003000000-0.0.jpeg,0.06,-0.0
pathr7470613000000-0.05.jpeg,0.06,-0.05
pathr7471153000000-0.1.jpeg,0.06,-0.1
pathr7471693000000-0.1.jpeg,0.06,-0.1
pathr7472310000000-0.1.jpeg,0.06,-0.1
pathr7472907000000-0.1.jpeg,0.06,-0.1
pathr7473585000000-0.1.jpeg,0.06,-0.1
pathr7474227000000-0.2.jpeg,0.06,-0.2
pathr7474839000000-0.1.jpeg,0.06,-0.1
pathr7475450000000-0.1.jpeg,0.06,-0.1
pathr7476049000000-0.1.jpeg,0.06,-0.1
pathr7476616000000-0.1.jpeg,0.06,-0.1
pathr7477159000000-0.1.jpeg,0.06,-0.1
pathr7477718000000-0.1.jpeg,0.06,-0.1
pathr7478310000000-0.1.jpeg,0.06,-0.1
pathr7478932000000-0.2.jpeg,0.06,-0.2
pathr7479506000000-0.2.jpeg,0.06,-0.2
pathr7480150000000-0.2.jpeg,0.06,-0.2
pathr7480800000000-0.2.jpeg,0.06,-0.2
pathr7481341000000-0.15.jpeg,0.06,-0.15
pathr7481963000000-0.1.jpeg,0.06,-0.1
pathr7482540000000-0.0.jpeg,0.06,-0.0
pathr7483183000000-0.0.jpeg,0.06,-0.0
pathr7483848000000-0.1.jpeg,0.06,-0.1
pathr7484462000000-0.0.jpeg,0.06,-0.0
pathr7485058000000-0.0.jpeg,0.06,-0.0
pathr7485628000000-0.0.jpeg,0.06,-0.0
pathr7486264000000-0.0.jpeg,0.06,-0.0
pathr7486937000000-0.0.jpeg,0.06,-0.0
pathr7487526000000-0.1.jpeg,0.06,-0.1
pathr7488135000000-0.1.jpeg,0.06,-0.1
pathr7488781000000-0.0.jpeg,0.06,-0.0
pathr7489383000000-0.0.jpeg,0.06,-0.0
pathr7489925000000-0.0.jpeg,0.06,-0.0
pathr7490501000000-0.0.jpeg,0.06,-0.0
pathr7491100000000-0.0.jpeg,0.06,-0.0
pathr7491699000000-0.0.jpeg,0.06,-0.0
pathr7492298000000-0.0.jpeg,0.06,-0.0
pathr7492895000000-0.0.jpeg,0.06,-0.0
pathr74935190000000.1.jpeg,0.06,0.1
pathr74935190000000.1.jpeg,0.06,0.1
pathr74941520000000.1.jpeg,0.06,0.1
pathr74947810000000.1.jpeg,0.06,0.1
pathr74953750000000.1.jpeg,0.06,0.1
pathr74960180000000.1.jpeg,0.06,0.1
pathr74966020000000.1.jpeg,0.06,0.1
pathr74972320000000.1.jpeg,0.06,0.1
pathr74978700000000.1.jpeg,0.06,0.1
pathr74983940000000.1.jpeg,0.06,0.1
pathr74989950000000.1.jpeg,0.06,0.1
pathr74996210000000.1.jpeg,0.06,0.1
pathr75002320000000.15.jpeg,0.06,0.15
pathr75008710000000.2.jpeg,0.06,0.2
pathr75014810000000.2.jpeg,0.06,0.2
pathr75020690000000.2.jpeg,0.06,0.2
pathr75026820000000.2.jpeg,0.06,0.2
pathr75033370000000.2.jpeg,0.06,0.2
pathr7504008000000-0.0.jpeg,0.06,-0.0
pathr7504630000000-0.0.jpeg,0.06,-0.0
pathr75052480000000.1.jpeg,0.06,0.1
pathr75058760000000.05.jpeg,0.06,0.05
pathr7506448000000-0.0.jpeg,0.06,-0.0
pathr75070690000000.1.jpeg,0.06,0.1
pathr75076790000000.1.jpeg,0.06,0.1
pathr7508264000000-0.0.jpeg,0.06,-0.0
pathr7508863000000-0.0.jpeg,0.06,-0.0
pathr7508863000000-0.0.jpeg,0.06,-0.0
pathr7509514000000-0.0.jpeg,0.06,-0.0
pathr7510124000000-0.0.jpeg,0.06,-0.0
pathr7510768000000-0.0.jpeg,0.06,-0.0
pathr7511400000000-0.0.jpeg,0.06,-0.0
pathr7511401000000-0.0.jpeg,0.06,-0.0
pathr7511957000000-0.0.jpeg,0.06,-0.0
pathr7512527000000-0.0.jpeg,0.06,-0.0
pathr7513096000000-0.0.jpeg,0.06,-0.0
